-- phpMyAdmin SQL Dump
-- version 4.1.12
-- http://www.phpmyadmin.net
--
-- Host: localhost:8889
-- Generation Time: Jan 20, 2015 at 02:16 AM
-- Server version: 5.5.34
-- PHP Version: 5.5.10

SET SQL_MODE = "NO_AUTO_VALUE_ON_ZERO";
SET time_zone = "+00:00";


/*!40101 SET @OLD_CHARACTER_SET_CLIENT=@@CHARACTER_SET_CLIENT */;
/*!40101 SET @OLD_CHARACTER_SET_RESULTS=@@CHARACTER_SET_RESULTS */;
/*!40101 SET @OLD_COLLATION_CONNECTION=@@COLLATION_CONNECTION */;
/*!40101 SET NAMES utf8 */;

--
-- Database: `labor`
--

-- --------------------------------------------------------

--
-- Table structure for table `counter`
--

CREATE TABLE `counter` (
  `id_counter` int(11) NOT NULL AUTO_INCREMENT,
  `ref_doc` varchar(50) DEFAULT NULL,
  `year` int(4) NOT NULL,
  `month` int(2) NOT NULL,
  `counter` int(11) NOT NULL,
  `flag_use` tinyint(4) DEFAULT '0',
  PRIMARY KEY (`id_counter`),
  KEY `ref_doc` (`ref_doc`,`year`,`month`)
) ENGINE=InnoDB  DEFAULT CHARSET=latin1 AUTO_INCREMENT=21 ;

--
-- Dumping data for table `counter`
--

INSERT INTO `counter` (`id_counter`, `ref_doc`, `year`, `month`, `counter`, `flag_use`) VALUES
(14, 'RDLAB', 2014, 12, 1, 0),
(15, 'RDLAB', 2014, 12, 2, 0),
(16, 'RDLAB', 2014, 12, 3, 0),
(17, 'RDLAB', 2014, 12, 4, 0),
(18, 'RDLAB', 2015, 1, 5, 0),
(19, 'RDLAB', 2015, 1, 6, 0),
(20, 'RDLAB', 2015, 1, 7, 0);

-- --------------------------------------------------------

--
-- Table structure for table `karyawan`
--

CREATE TABLE `karyawan` (
  `id_seq_karyawan` int(11) NOT NULL AUTO_INCREMENT,
  `nik_karyawan` varchar(50) NOT NULL,
  `name_karyawan` varchar(50) NOT NULL,
  `id_jabatan` int(11) NOT NULL,
  `id_departemen` varchar(25) DEFAULT NULL,
  `id_section` int(11) NOT NULL,
  `id_atasan_1` int(11) NOT NULL,
  `id_atasan_2` int(11) NOT NULL,
  `id_atasan_3` int(11) NOT NULL,
  `region` varchar(20) NOT NULL,
  `date_insert_karyawan` timestamp NOT NULL DEFAULT CURRENT_TIMESTAMP,
  `del_karyawan` tinyint(4) NOT NULL DEFAULT '0',
  PRIMARY KEY (`id_seq_karyawan`)
) ENGINE=MyISAM  DEFAULT CHARSET=latin1 AUTO_INCREMENT=2 ;

--
-- Dumping data for table `karyawan`
--

INSERT INTO `karyawan` (`id_seq_karyawan`, `nik_karyawan`, `name_karyawan`, `id_jabatan`, `id_departemen`, `id_section`, `id_atasan_1`, `id_atasan_2`, `id_atasan_3`, `region`, `date_insert_karyawan`, `del_karyawan`) VALUES
(1, '14025108', 'Parulian', 0, NULL, 0, 0, 0, 0, '', '2014-10-13 03:59:04', 0);

-- --------------------------------------------------------

--
-- Table structure for table `labor_config_report_test_graph`
--

CREATE TABLE `labor_config_report_test_graph` (
  `id_report_test` int(11) NOT NULL,
  `series` varchar(50) NOT NULL,
  `title_y` varchar(50) NOT NULL,
  `title_x` varchar(50) NOT NULL,
  `y_field_data` varchar(50) NOT NULL,
  `x_field_data` varchar(50) NOT NULL,
  `x_categorit_axis` varchar(50) NOT NULL,
  `type_graph` varchar(50) NOT NULL,
  `id` int(11) NOT NULL AUTO_INCREMENT,
  PRIMARY KEY (`id`),
  KEY `id_report_test` (`id_report_test`)
) ENGINE=InnoDB  DEFAULT CHARSET=latin1 AUTO_INCREMENT=224 ;

--
-- Dumping data for table `labor_config_report_test_graph`
--

INSERT INTO `labor_config_report_test_graph` (`id_report_test`, `series`, `title_y`, `title_x`, `y_field_data`, `x_field_data`, `x_categorit_axis`, `type_graph`, `id`) VALUES
(7, 'X1', '', '', 'G_2_p', 'G_32_p', 'G_611_p', 'Line', 73),
(7, 'X3', '', '', 'G_7_p', 'G_7_p', 'G_611_p', 'Line', 74),
(2, 'A', '', '', 'MH', '', 'ML', 'Line', 114),
(2, 'B', '', '', 'ML', '', 'ML', 'Line', 115),
(4, 'C', 'Test', 'RR', 'TEST_TIME', 'TEST TEMP', 'TC10', 'Line', 116),
(4, 'B', 'SS', 'SS', 'TEST_TEMP', 'ML', 'TC10', 'Line', 117),
(4, 'D', 'TEST', 'ADAD', 'TC90', 'TS2', 'TC10', 'Line', 118),
(29, 'E1', '', '', 'E1', '', 'Strain', 'Line', 217),
(29, 'E``', '', '', '', '', 'Strain', 'Line', 218),
(29, 'E*', '', '', 'E3', '', 'Strain', 'Line', 219),
(29, 'TAN ? ', '', '', 'TAN1', '', 'Strain', 'Line', 220),
(3, 'ML', '', '', 'ML', '', 'TC50', 'Bar', 221),
(3, 'MH', '', '', 'MH', '', 'TC50', 'Bar', 222),
(3, 'TC10', '', '', 'TC10', '', 'TC50', 'Bar', 223);

-- --------------------------------------------------------

--
-- Table structure for table `labor_counter`
--

CREATE TABLE `labor_counter` (
  `id_counter` int(11) NOT NULL AUTO_INCREMENT,
  `ref_doc` varchar(50) DEFAULT NULL,
  `year` int(4) NOT NULL,
  `month` int(2) NOT NULL,
  `counter` int(11) NOT NULL,
  `flag_use` tinyint(4) DEFAULT '0',
  PRIMARY KEY (`id_counter`),
  KEY `ref_doc` (`ref_doc`,`year`,`month`)
) ENGINE=InnoDB DEFAULT CHARSET=latin1 AUTO_INCREMENT=1 ;

-- --------------------------------------------------------

--
-- Table structure for table `labor_formulir_request_test`
--

CREATE TABLE `labor_formulir_request_test` (
  `idformulir` int(11) NOT NULL AUTO_INCREMENT,
  `no_req` varchar(15) DEFAULT NULL,
  `date_request` date DEFAULT NULL,
  `date_line` date DEFAULT NULL,
  `sample_category` varchar(50) NOT NULL,
  `sample` varchar(50) DEFAULT NULL,
  `type_request` varchar(150) NOT NULL,
  `request_by` varchar(200) DEFAULT NULL,
  `request_by_people` varchar(50) NOT NULL,
  `porpose` varchar(500) DEFAULT NULL,
  `sample_spec` varchar(500) DEFAULT NULL,
  `scale` enum('Lab Scale','Trial Produksi','Mas Prod') DEFAULT NULL,
  `criteria` enum('Reguler','Urgent','Top Urgent') DEFAULT NULL,
  `status` enum('DRAFT','CHECKED','APPROVE') DEFAULT NULL,
  `notes` varchar(500) DEFAULT NULL,
  `file_result_test` varchar(150) NOT NULL,
  `date_create` datetime DEFAULT NULL,
  `user_create` varchar(45) DEFAULT NULL,
  `update_date` datetime DEFAULT NULL,
  `user_update` varchar(45) DEFAULT NULL,
  PRIMARY KEY (`idformulir`)
) ENGINE=InnoDB  DEFAULT CHARSET=latin1 AUTO_INCREMENT=42 ;

--
-- Dumping data for table `labor_formulir_request_test`
--

INSERT INTO `labor_formulir_request_test` (`idformulir`, `no_req`, `date_request`, `date_line`, `sample_category`, `sample`, `type_request`, `request_by`, `request_by_people`, `porpose`, `sample_spec`, `scale`, `criteria`, `status`, `notes`, `file_result_test`, `date_create`, `user_create`, `update_date`, `user_update`) VALUES
(2, 'fsgds', '2014-08-28', '2014-08-28', '', 'sgdsg', '', 'ggds', '', 'gsgd', 'gdsg', 'Lab Scale', 'Reguler', 'DRAFT', 'dsgds', '', '2014-08-28 11:01:24', 'admin', NULL, NULL),
(3, 'fsdfg', '2014-08-28', '2014-08-28', '', 'dsgs', '', 'gdsgds', '', 'dsgs', 'dsg', '', 'Reguler', 'DRAFT', 'dsgs', '', '2014-08-28 11:04:22', 'admin', NULL, NULL),
(4, '25', '2014-08-28', '2014-08-28', '', '5325', '', '3252', '', '255', '235325', 'Lab Scale', 'Reguler', 'DRAFT', '5235', '', '2014-08-28 11:06:49', 'admin', NULL, NULL),
(5, 'safsasa', '2014-08-28', '2014-08-28', '', 'fafas', '', 'fsafsa', '', 'faas', 'fsafsa', '', 'Top Urgent', 'DRAFT', 'fsaa', '', '2014-08-28 11:07:46', 'admin', NULL, NULL),
(6, 'afafas', '2014-08-28', '2014-08-28', '', 'fas', '', 'fasfsa', '', 'fasfas', 'fas', 'Lab Scale', 'Reguler', 'APPROVE', 'fasfsa', '', '2014-08-28 11:08:45', 'admin', NULL, NULL),
(7, '0994242/825523/', '2014-08-28', '2014-08-28', '', 'Tost', '', 'TOtong', '', 'ffas', 'fdgds', '', 'Reguler', 'DRAFT', 'dgsd', '', '2014-08-28 11:21:54', 'admin', NULL, NULL),
(11, 'PARUL', '2014-08-28', '2014-08-28', '', 'gsdg', '', 'gdsgs', '', 'sdgs', 'gdsgd', 'Trial Produksi', 'Reguler', 'DRAFT', 'gdsgsds', '', '2014-09-01 09:00:13', 'admin', NULL, NULL),
(13, '423532', '2014-08-28', '2014-08-28', '', '2552', '', '5252', '', '5523325235', '52523', 'Lab Scale', 'Reguler', 'DRAFT', '', '', '2014-09-01 12:06:25', 'admin', NULL, NULL),
(22, '02', '2014-09-09', '2014-09-09', '', 'C 32', 'xxx', 'CD2', '', 'perubahan', 'material perubahan', 'Lab Scale', 'Reguler', 'APPROVE', '', 'Not Found/Applications/MAMP/htdocs/development/lab/uploads/testrusult/221C 32', '2014-09-11 10:56:17', 'admin', NULL, NULL),
(26, '666666', '2014-09-12', '2014-09-12', '', 'C 32', 'X', 'Azis', '', 'Mencari Tau', '-', 'Trial Produksi', 'Urgent', 'DRAFT', '-', 'Not Found/Applications/MAMP/htdocs/development/lab/uploads/testrusult/2632C 32', '2014-09-12 09:47:35', 'admin', NULL, NULL),
(28, 'PBBBBX', '2014-09-10', '2014-09-10', '', 'CLT', 'X2', 'X4', '', 'Test', 'ff', 'Trial Produksi', 'Reguler', 'DRAFT', 'ddf', '', '2014-09-13 00:46:18', 'admin', '2015-01-12 09:22:20', 'admin'),
(29, 'COMPUND BAND', '2014-09-13', '2014-09-15', '', 'C 32', 'SX', 'Sari', '', '-', '-', 'Trial Produksi', 'Urgent', 'DRAFT', '-', 'Not Found/Applications/MAMP/htdocs/development/lab/uploads/testrusult/2911C 32', '2014-09-13 00:48:05', 'admin', NULL, NULL),
(32, '988325235', '2014-09-15', '2014-09-15', 'Raw Material', 'C 30', 'H', 'CD1', '', '-', '-', 'Trial Produksi', 'Reguler', 'CHECKED', '-', '', '2014-11-11 08:43:37', 'admin', NULL, NULL),
(34, 'ADNRI', '2014-09-12', '2014-09-12', 'Raw Material', 'REC.C33/L40', 'B', 'Andrian', '', 'Untukt Ngecek Data', '-', 'Trial Produksi', 'Reguler', 'APPROVE', '-', '', '2014-12-02 10:47:39', 'admin', NULL, NULL),
(35, 'RDLAB/01/XII/20', '2014-12-02', '2014-12-02', 'Compound', 'C 30', '-', '-', '-', '-', '-', 'Lab Scale', 'Reguler', 'APPROVE', '-', '', '2014-12-02 10:49:18', 'admin', NULL, NULL),
(36, 'RDLAB/02/XII/20', '2014-12-02', '2014-12-02', 'Compound', 'B 10', '-', '-', '-', '-', '-', 'Lab Scale', 'Reguler', 'APPROVE', '-', '', '2014-12-02 10:57:59', 'admin', NULL, NULL),
(37, 'RDLAB/03/XII/20', '2014-12-02', '2014-12-02', 'Compound', 'C 30', '-', '-', '-', '-', '-', 'Lab Scale', 'Reguler', 'DRAFT', '-', '', '2014-12-02 11:00:27', 'admin', NULL, NULL),
(38, 'RDLAB/04/XII/20', '2014-12-06', '2014-12-06', 'Rubberized', 'B 10', 'PB', 'PB', 'PB', '-', '-', 'Lab Scale', 'Reguler', 'APPROVE', '-', '', '2014-12-06 14:44:39', 'admin', NULL, NULL),
(39, 'RDLAB/05/I/2015', '2014-12-06', '2014-12-06', 'Rubberized', 'B 10', 'PB', 'PB', 'PBXXX', '-', '-', 'Lab Scale', 'Reguler', 'DRAFT', '-', '', '2015-01-12 09:31:57', 'admin', NULL, NULL),
(40, 'RDLAB/06/I/2015', '2014-12-06', '2014-12-06', 'Rubberized', 'B 10', 'PB', 'PB', 'PBX23', '-', '-', 'Lab Scale', 'Reguler', 'DRAFT', '-', '', '2015-01-12 09:34:30', 'admin', '2015-01-12 09:36:09', 'admin'),
(41, 'RDLAB/07/I/2015', '2014-12-06', '2014-12-06', 'Rubberized', 'B 10', 'PB', 'PB', 'PB', '-', '-', 'Lab Scale', 'Reguler', 'DRAFT', '-', '', '2015-01-12 09:56:17', 'admin', NULL, NULL);

-- --------------------------------------------------------

--
-- Table structure for table `labor_forumlir_item_test`
--

CREATE TABLE `labor_forumlir_item_test` (
  `idformuliritem` int(11) NOT NULL AUTO_INCREMENT,
  `idmachinetest` int(11) DEFAULT NULL,
  `idmachinetest_detail` int(11) NOT NULL,
  `idformulir` int(11) DEFAULT NULL,
  PRIMARY KEY (`idformuliritem`)
) ENGINE=InnoDB  DEFAULT CHARSET=latin1 AUTO_INCREMENT=197 ;

--
-- Dumping data for table `labor_forumlir_item_test`
--

INSERT INTO `labor_forumlir_item_test` (`idformuliritem`, `idmachinetest`, `idmachinetest_detail`, `idformulir`) VALUES
(1, 4, 0, 1),
(2, 2, 0, 1),
(3, 2, 0, 1),
(4, 2, 0, 1),
(5, 5, 0, 1),
(6, 0, 0, 1),
(7, 0, 0, 1),
(8, 5, 0, 1),
(9, 5, 0, 1),
(10, 3, 0, 2),
(11, 4, 0, 2),
(12, 5, 0, 2),
(13, 6, 0, 2),
(14, 7, 0, 2),
(15, 8, 0, 2),
(16, 9, 0, 2),
(17, 10, 0, 2),
(18, 2, 0, 2),
(19, 1, 0, 2),
(20, 3, 0, 3),
(21, 4, 0, 3),
(22, 3, 0, 4),
(23, 4, 0, 4),
(24, 5, 0, 4),
(25, 3, 0, 5),
(26, 5, 0, 5),
(27, 6, 0, 5),
(28, 5, 0, 7),
(29, 4, 0, 7),
(30, 3, 0, 7),
(31, 6, 0, 7),
(32, 7, 0, 7),
(33, 4, 0, 8),
(34, 3, 0, 8),
(35, 5, 0, 8),
(36, 2, 0, 9),
(37, 1, 0, 9),
(38, 3, 0, 10),
(39, 3, 0, 11),
(40, 2, 0, 11),
(41, 1, 0, 11),
(42, 5, 0, 11),
(43, 12, 0, 12),
(44, 11, 0, 12),
(45, 1, 0, 12),
(46, 3, 0, 12),
(47, 12, 0, 13),
(48, 1, 0, 13),
(49, 11, 0, 13),
(50, 3, 0, 13),
(51, 4, 0, 14),
(52, 1, 0, 14),
(53, 4, 0, 15),
(54, 1, 0, 15),
(55, 4, 0, 16),
(56, 1, 0, 16),
(57, 13, 0, 17),
(58, 11, 0, 17),
(59, 8, 0, 17),
(60, 13, 0, 18),
(61, 11, 0, 18),
(62, 8, 0, 18),
(63, 13, 0, 19),
(64, 11, 0, 19),
(65, 8, 0, 19),
(66, 8, 0, 20),
(67, 1, 0, 21),
(68, 14, 0, 21),
(69, 10, 0, 21),
(70, 1, 0, 22),
(71, 14, 0, 22),
(72, 10, 0, 22),
(73, 1, 0, 23),
(74, 15, 0, 23),
(75, 6, 0, 23),
(76, 5, 0, 24),
(77, 1, 0, 24),
(78, 5, 0, 25),
(79, 1, 0, 25),
(80, 17, 0, 26),
(81, 1, 0, 27),
(82, 14, 0, 27),
(83, 10, 0, 27),
(87, 1, 0, 29),
(88, 5, 0, 29),
(89, 5, 0, 30),
(90, 1, 0, 30),
(91, 5, 0, 31),
(92, 1, 0, 31),
(93, 5, 0, 32),
(94, 1, 0, 32),
(95, 8, 0, 33),
(96, 8, 0, 34),
(97, 13, 0, 34),
(98, 11, 0, 34),
(99, 16, 0, 34),
(100, 3, 0, 34),
(101, 6, 0, 34),
(102, 18, 0, 34),
(103, 15, 0, 34),
(104, 12, 0, 34),
(105, 17, 0, 34),
(106, 20, 0, 34),
(107, 21, 0, 34),
(108, 19, 0, 34),
(109, 4, 0, 34),
(110, 5, 0, 34),
(111, 10, 0, 34),
(112, 14, 0, 34),
(113, 1, 0, 34),
(114, 2, 0, 34),
(115, 9, 0, 34),
(116, 7, 0, 34),
(117, 8, 0, 35),
(118, 13, 0, 35),
(119, 11, 0, 35),
(120, 16, 0, 35),
(121, 3, 0, 35),
(122, 6, 0, 35),
(123, 18, 0, 35),
(124, 15, 0, 35),
(125, 12, 0, 35),
(126, 17, 0, 35),
(127, 20, 0, 35),
(128, 21, 0, 35),
(129, 19, 0, 35),
(130, 4, 0, 35),
(131, 5, 0, 35),
(132, 10, 0, 35),
(133, 14, 0, 35),
(134, 1, 0, 35),
(135, 2, 0, 35),
(136, 9, 0, 35),
(137, 7, 0, 35),
(138, 8, 0, 36),
(139, 13, 0, 36),
(140, 11, 0, 36),
(141, 16, 0, 36),
(142, 3, 0, 36),
(143, 6, 0, 36),
(144, 18, 0, 36),
(145, 15, 0, 36),
(146, 12, 0, 36),
(147, 17, 0, 36),
(148, 20, 0, 36),
(149, 21, 0, 36),
(150, 19, 0, 36),
(151, 4, 0, 36),
(152, 5, 0, 36),
(153, 10, 0, 36),
(154, 14, 0, 36),
(155, 1, 0, 36),
(156, 2, 0, 36),
(157, 9, 0, 36),
(158, 7, 0, 36),
(159, 8, 0, 37),
(160, 13, 0, 37),
(161, 11, 0, 37),
(162, 16, 0, 37),
(163, 3, 0, 37),
(164, 6, 0, 37),
(165, 18, 0, 37),
(166, 15, 0, 37),
(167, 12, 0, 37),
(168, 17, 0, 37),
(169, 20, 0, 37),
(170, 21, 0, 37),
(171, 19, 0, 37),
(172, 4, 0, 37),
(173, 22, 0, 37),
(174, 5, 0, 37),
(175, 10, 0, 37),
(176, 14, 0, 37),
(177, 1, 0, 37),
(178, 2, 0, 37),
(179, 9, 0, 37),
(180, 7, 0, 37),
(181, 4, 4, 38),
(182, 2, 2, 38),
(185, 16, 16, 28),
(186, 4, 4, 28),
(187, 4, 4, 39),
(188, 2, 2, 39),
(193, 4, 4, 40),
(194, 2, 2, 40),
(195, 4, 4, 41),
(196, 2, 2, 41);

-- --------------------------------------------------------

--
-- Table structure for table `labor_limit_toleransi_compound`
--

CREATE TABLE `labor_limit_toleransi_compound` (
  `id` int(11) NOT NULL AUTO_INCREMENT,
  `compound` varchar(20) NOT NULL,
  `machine_test_report` int(11) NOT NULL,
  `field_params` varchar(20) NOT NULL,
  `start_toleransi` varchar(20) NOT NULL,
  `end_toleransi` varchar(20) NOT NULL,
  `unit` varchar(20) NOT NULL,
  PRIMARY KEY (`id`)
) ENGINE=InnoDB  DEFAULT CHARSET=latin1 AUTO_INCREMENT=306 ;

--
-- Dumping data for table `labor_limit_toleransi_compound`
--

INSERT INTO `labor_limit_toleransi_compound` (`id`, `compound`, `machine_test_report`, `field_params`, `start_toleransi`, `end_toleransi`, `unit`) VALUES
(1, 'A 02 A', 1, 'MH', '18.7', '24.2', ''),
(2, 'A 02 A', 1, 'ML', '1.6', '3.3', ''),
(3, 'A 02 A', 1, 'tc10', '18.4', '21.6', ''),
(4, 'A 02 A', 1, 'tc50', '27', '32', ''),
(5, 'A 02 A', 1, 'tc90', '45', '52', ''),
(6, 'A 09', 1, 'MH', '16', '21.8', ''),
(7, 'A 09', 1, 'ML', '1.3', '2.4', ''),
(8, 'A 09', 1, 'tc10', '18', '21', ''),
(9, 'A 09', 1, 'tc50', '27', '31', ''),
(10, 'A 09', 1, 'tc90', '44', '51', ''),
(11, 'B 10', 1, 'MH', '18', '23.7', ''),
(12, 'B 10', 1, 'ML', '1.9', '3.4', ''),
(13, 'B 10', 1, 'tc10', '26', '33', ''),
(14, 'B 10', 1, 'tc50', '50', '63', ''),
(15, 'B 10', 1, 'tc90', '88', '118', ''),
(16, 'C 30', 1, 'MH', '5.3', '11.2', ''),
(17, 'C 30', 1, 'ML', '0.4', '2.4', ''),
(18, 'C 30', 1, 'tc10', '21', '29', ''),
(19, 'C 30', 1, 'tc50', '35', '47', ''),
(20, 'C 30', 1, 'tc90', '48', '86', ''),
(21, 'C 32', 1, 'MH', '11.3', '16.3', ''),
(22, 'C 32', 1, 'ML', '0.9', '2.3', ''),
(23, 'C 32', 1, 'tc10', '25', '32', ''),
(24, 'C 32', 1, 'tc50', '44', '53', ''),
(25, 'C 32', 1, 'tc90', '70', '87', ''),
(26, 'C 33', 1, 'MH', '7.8', '10', ''),
(27, 'C 33', 1, 'ML', '1.3', '1.9', ''),
(28, 'C 33', 1, 'tc10', '13', '36', ''),
(29, 'C 33', 1, 'tc50', '55', '65', ''),
(30, 'C 33', 1, 'tc90', '86', '100', ''),
(31, 'C 34', 1, 'MH', '7.5', '9.7', ''),
(32, 'C 34', 1, 'ML', '1.1', '3.3', ''),
(33, 'C 34', 1, 'tc10', '14', '34', ''),
(34, 'C 34', 1, 'tc50', '36', '48', ''),
(35, 'C 34', 1, 'tc90', '58', '71', ''),
(36, 'C 37', 1, 'MH', '6.1', '10.3', ''),
(37, 'C 37', 1, 'ML', '1', '2.4', ''),
(38, 'C 37', 1, 'tc10', '19', '33', ''),
(39, 'C 37', 1, 'tc50', '47', '65', ''),
(40, 'C 37', 1, 'tc90', '75', '99', ''),
(41, 'C 39', 1, 'MH', '7.8', '13.2', ''),
(42, 'C 39', 1, 'ML', '1.1', '2.6', ''),
(43, 'C 39', 1, 'tc10', '19', '29', ''),
(44, 'C 39', 1, 'tc50', '31', '48', ''),
(45, 'C 39', 1, 'tc90', '49', '80', ''),
(46, 'CLT', 1, 'MH', '2.7', '6.7', ''),
(47, 'CLT', 1, 'RW 01', '0.9', '1.3', ''),
(48, 'CLT', 1, 'tc10', '22', '29', ''),
(49, 'CLT', 1, 'tc50', '33', '61', ''),
(50, 'CLT', 1, 'tc90', '83', '134', ''),
(51, 'COP', 1, 'MH', '11.1', '15.5', ''),
(52, 'COP', 1, 'ML', '1.7', '2.7', ''),
(53, 'COP', 1, 'tc10', '26', '29', ''),
(54, 'COP', 1, 'tc50', '39', '43', ''),
(55, 'COP', 1, 'tc90', '54', '59', ''),
(56, 'F 33', 1, 'MH', '8.2', '10.4', ''),
(57, 'F 33', 1, 'ML', '1.1', '2.6', ''),
(58, 'F 33', 1, 'tc10', '10', '24', ''),
(59, 'F 33', 1, 'tc50', '30', '38', ''),
(60, 'F 33', 1, 'tc90', '48', '68', ''),
(61, 'L 40', 1, 'MH', '7.1', '10.4', ''),
(62, 'L 40', 1, 'ML', '1.3', '2', ''),
(63, 'L 40', 1, 'tc10', '24', '29', ''),
(64, 'L 40', 1, 'tc50', '48', '60', ''),
(65, 'L 40', 1, 'tc90', '105', '134', ''),
(66, 'L 61', 1, 'T 112', '5.2', '6.9', ''),
(67, 'L 61', 1, 'ML', '1.2', '2.2', ''),
(68, 'L 61', 1, 'tc10', '23', '36', ''),
(69, 'L 61', 1, 'tc50', '48', '57', ''),
(70, 'L 61', 1, 'tc90', '73', '100', ''),
(71, 'N 20', 1, 'MH', '9.7', '14.6', ''),
(72, 'N 20', 1, 'ML', '0.5', '2.8', ''),
(73, 'N 20', 1, 'tc10', '12', '29', ''),
(74, 'N 20', 1, 'tc50', '35', '43', ''),
(75, 'N 20', 1, 'tc90', '49', '58', ''),
(76, 'R 50', 1, 'MH', '15.9', '21.9', ''),
(77, 'R 50', 1, 'ML', '2.2', '3.7', ''),
(78, 'R 50', 1, 'tc10', '23', '28', ''),
(79, 'R 50', 1, 'tc50', '43', '50', ''),
(80, 'R 50', 1, 'tc90', '63', '72', ''),
(81, 'RR 50', 1, 'MH', '13.4', '19.5', ''),
(82, 'RR 50', 1, 'ML', '1.6', '3.1', ''),
(83, 'RR 50', 1, 'tc10', '20', '28', ''),
(84, 'RR 50', 1, 'tc50', '34', '48', ''),
(85, 'RR 50', 1, 'tc90', '50', '70', ''),
(86, 'REC.C33/L40', 1, 'MH', '7.2', '11.1', ''),
(87, 'REC.C33/L40', 1, 'ML', '1', '1.7', ''),
(88, 'REC.C33/L40', 1, 'tc10', '17', '20', ''),
(89, 'REC.C33/L40', 1, 'tc50', '23', '28', ''),
(90, 'REC.C33/L40', 1, 'tc90', '34', '42', ''),
(91, 'REC.C37/L40', 1, 'MH', '8.1', '10', ''),
(92, 'REC.C37/L40', 1, 'ML', '1', '1.7', ''),
(93, 'REC.C37/L40', 1, 'tc10', '16', '21', ''),
(94, 'REC.C37/L40', 1, 'tc50', '23', '28', ''),
(95, 'REC.C37/L40', 1, 'tc90', '32', '59', ''),
(96, 'RF 33', 1, 'MH', '7.4', '10.3', ''),
(97, 'RF 33', 1, 'ML', '1', '1.7', ''),
(98, 'RF 33', 1, 'tc10', '16', '23', ''),
(99, 'RF 33', 1, 'tc50', '34', '36', ''),
(100, 'RF 33', 1, 'tc90', '55', '61', ''),
(101, 'RSW 70', 1, 'MH', '8.9', '13.6', ''),
(102, 'RSW 70', 1, 'ML', '1.1', '1.7', ''),
(103, 'RSW 70', 1, 'tc10', '22', '29', ''),
(104, 'RSW 70', 1, 'tc50', '41', '54', ''),
(105, 'RSW 70', 1, 'tc90', '62', '82', ''),
(106, 'RT 61', 1, 'MH', '9.3', '11.4', ''),
(107, 'RT 61', 1, 'ML', '1', '2', ''),
(108, 'RT 61', 1, 'tc10', '22', '28', ''),
(109, 'RT 61', 1, 'tc50', '40', '51', ''),
(110, 'RT 61', 1, 'tc90', '65', '85', ''),
(111, 'RT 62', 1, 'MH', '10.1', '14.9', ''),
(112, 'RT 62', 1, 'ML', '1.3', '3.5', ''),
(113, 'RT 62', 1, 'tc10', '18', '30', ''),
(114, 'RT 62', 1, 'tc50', '38', '52', ''),
(115, 'RT 62', 1, 'tc90', '55', '80', ''),
(116, 'RT 64', 1, 'MH', '9.9', '13.9', ''),
(117, 'RT 64', 1, 'ML', '1.3', '2.3', ''),
(118, 'RT 64', 1, 'tc10', '24', '31', ''),
(119, 'RT 64', 1, 'tc50', '42', '51', ''),
(120, 'RT 64', 1, 'tc90', '70', '87', ''),
(121, 'RT 65', 1, 'MH', '8.2', '10.8', ''),
(122, 'RT 65', 1, 'ML', '1.4', '2', ''),
(123, 'RT 65', 1, 'tc10', '28', '35', ''),
(124, 'RT 65', 1, 'tc50', '52', '59', ''),
(125, 'RT 65', 1, 'tc90', '93', '100', ''),
(126, 'RT 67', 1, 'MH', '8', '10.7', ''),
(127, 'RT 67', 1, 'ML', '1.5', '2.2', ''),
(128, 'RT 67', 1, 'tc10', '32', '38', ''),
(129, 'RT 67', 1, 'tc50', '55', '67', ''),
(130, 'RT 67', 1, 'tc90', '88', '109', ''),
(131, 'RT 69', 1, 'MH', '7.5', '11.4', ''),
(132, 'RT 69', 1, 'ML', '1.1', '1.8', ''),
(133, 'RT 69', 1, 'tc10', '25', '33', ''),
(134, 'RT 69', 1, 'tc50', '46', '56', ''),
(135, 'RT 69', 1, 'tc90', '70', '87', ''),
(136, 'RT 123', 1, 'MH', '6.7', '9.3', ''),
(137, 'RT 123', 1, 'ML', '1.3', '2.1', ''),
(138, 'RT 123', 1, 'tc10', '27', '35', ''),
(139, 'RT 123', 1, 'tc50', '39', '50', ''),
(140, 'RT 123', 1, 'tc90', '67', '91', ''),
(141, 'RT 128', 1, 'MH', '7.4', '9.6', ''),
(142, 'RT 128', 1, 'ML', '1.1', '3.4', ''),
(143, 'RT 128', 1, 'tc10', '22', '34', ''),
(144, 'RT 128', 1, 'tc50', '35', '56', ''),
(145, 'RT 128', 1, 'tc90', '64', '101', ''),
(146, 'RT 130', 1, 'MH', '6.8', '9.3', ''),
(147, 'RT 130', 1, 'ML', '1.5', '2.1', ''),
(148, 'RT 130', 1, 'tc10', '32', '41', ''),
(149, 'RT 130', 1, 'tc50', '47', '59', ''),
(150, 'RT 130', 1, 'tc90', '69', '96', ''),
(151, 'RT 143', 1, 'MH', '9', '11.2', ''),
(152, 'RT 143', 1, 'ML', '1', '2.5', ''),
(153, 'RT 143', 1, 'tc10', '21', '31', ''),
(154, 'RT 143', 1, 'tc50', '35', '48', ''),
(155, 'RT 143', 1, 'tc90', '50', '60', ''),
(156, 'RT 201', 1, 'MH', '7.9', '9.8', ''),
(157, 'RT 201', 1, 'ML', '1.3', '2', ''),
(158, 'RT 201', 1, 'tc10', '29', '32', ''),
(159, 'RT 201', 1, 'tc50', '50', '54', ''),
(160, 'RT 201', 1, 'tc90', '88', '99', ''),
(161, 'RT 204', 1, 'MH', '8.6', '10.7', ''),
(162, 'RT 204', 1, 'ML', '1', '2.2', ''),
(163, 'RT 204', 1, 'tc10', '21', '36', ''),
(164, 'RT 204', 1, 'tc50', '40', '57', ''),
(165, 'RT 204', 1, 'tc90', '67', '94', ''),
(166, 'RT 205', 1, 'MH', '7.5', '10.8', ''),
(167, 'RT 205', 1, 'ML', '2', '3.3', ''),
(168, 'RT 205', 1, 'tc10', '26', '34', ''),
(169, 'RT 205', 1, 'tc50', '47', '55', ''),
(170, 'RT 205', 1, 'tc90', '87', '100', ''),
(171, 'RT 206', 1, 'MH', '7.1', '13.1', ''),
(172, 'RT 206', 1, 'ML', '1.8', '3.4', ''),
(173, 'RT 206', 1, 'tc10', '20', '36', ''),
(174, 'RT 206', 1, 'tc50', '35', '66', ''),
(175, 'RT 206', 1, 'tc90', '59', '110', ''),
(176, 'RT 273', 1, 'MH', '6', '12', ''),
(177, 'RT 273', 1, 'ML', '0.9', '1.4', ''),
(178, 'RT 273', 1, 'tc10', '21', '31', ''),
(179, 'RT 273', 1, 'tc50', '31', '42', ''),
(180, 'RT 273', 1, 'tc90', '36', '74', ''),
(181, 'RT 288', 1, 'MH', '8.4', '13.5', ''),
(182, 'RT 288', 1, 'ML', '1', '2.2', ''),
(183, 'RT 288', 1, 'tc10', '18', '35', ''),
(184, 'RT 288', 1, 'tc50', '36', '49', ''),
(185, 'RT 288', 1, 'tc90', '58', '85', ''),
(186, 'RT 623', 1, 'MH', '7.7', '10.8', ''),
(187, 'RT 623', 1, 'ML', '1.6', '1.8', ''),
(188, 'RT 623', 1, 'tc10', '26', '28', ''),
(189, 'RT 623', 1, 'tc50', '38', '42', ''),
(190, 'RT 623', 1, 'tc90', '51', '60', ''),
(191, 'RT 626', 1, 'MH', '8.5', '11.1', ''),
(192, 'RT 626', 1, 'ML', '1.1', '2.1', ''),
(193, 'RT 626', 1, 'tc10', '1.1', '2.1', ''),
(194, 'RT 626', 1, 'tc50', '32', '47', ''),
(195, 'RT 626', 1, 'tc90', '49', '71', ''),
(196, 'RT 693', 1, 'MH', '4.8', '8.6', ''),
(197, 'RT 693', 1, 'ML', '1', '1.5', ''),
(198, 'RT 693', 1, 'tc10', '22', '27', ''),
(199, 'RT 693', 1, 'tc50', '35', '42', ''),
(200, 'RT 693', 1, 'tc90', '52', '65', ''),
(201, 'RW 01', 1, 'MH', '6', '9.4', ''),
(202, 'RW 01', 1, 'ML', '0.7', '1.1', ''),
(203, 'RW 01', 1, 'tc10', '23', '27', ''),
(204, 'RW 01', 1, 'tc50', '43', '49', ''),
(205, 'RW 01', 1, 'tc90', '62', '90', ''),
(206, 'RX 15', 1, 'MH', '9.1', '13.1', ''),
(207, 'RX 15', 1, 'ML', '1.4', '2.1', ''),
(208, 'RX 15', 1, 'tc10', '18', '22', ''),
(209, 'RX 15', 1, 'tc50', '28', '38', ''),
(210, 'RX 15', 1, 'tc90', '41', '46', ''),
(211, 'RX 30', 1, 'MH', '9', '9.5', ''),
(212, 'RX 30', 1, 'ML', '1.2', '1.4', ''),
(213, 'RX 30', 1, 'tc10', '26', '28', ''),
(214, 'RX 30', 1, 'tc50', '47', '49', ''),
(215, 'RX 30', 1, 'tc90', '72', '76', ''),
(216, 'RX 75', 1, 'MH', '10.3', '13.5', ''),
(217, 'RX 75', 1, 'ML', '0.8', '1.5', ''),
(218, 'RX 75', 1, 'tc10', '20', '23', ''),
(219, 'RX 75', 1, 'tc50', '33', '38', ''),
(220, 'RX 75', 1, 'tc90', '51', '58', ''),
(221, 'R Z80A', 1, 'MH', '14.9', '18.6', ''),
(222, 'R Z80A', 1, 'ML', '1.4', '2', ''),
(223, 'R Z80A', 1, 'tc10', '21', '24', ''),
(224, 'R Z80A', 1, 'tc50', '33', '40', ''),
(225, 'R Z80A', 1, 'tc90', '55', '68', ''),
(226, 'S 25', 1, 'MH', '14.5', '20.4', ''),
(227, 'S 25', 1, 'ML', '3.3', '4.2', ''),
(228, 'S 25', 1, 'tc10', '22', '38', ''),
(229, 'S 25', 1, 'tc50', '43', '74', ''),
(230, 'S 25', 1, 'tc90', '85', '145', ''),
(231, 'S 70', 1, 'MH', '9', '12.3', ''),
(232, 'S 70', 1, 'ML', '1.2', '2.5', ''),
(233, 'S 70', 1, 'tc10', '23', '34', ''),
(234, 'S 70', 1, 'tc50', '50', '58.2', ''),
(235, 'S 70', 1, 'tc90', '74', '88', ''),
(236, 'S 71', 1, 'MH', '6.1', '10.7', ''),
(237, 'S 71', 1, 'ML', '0.9', '1.8', ''),
(238, 'S 71', 1, 'tc10', '22', '29', ''),
(239, 'S 71', 1, 'tc50', '43', '52', ''),
(240, 'S 71', 1, 'tc90', '63', '82', ''),
(241, 'S 76', 1, 'MH', '7.3', '11.3', ''),
(242, 'S 76', 1, 'ML', '1.2', '3.4', ''),
(243, 'S 76', 1, 'tc10', '32', '47', ''),
(244, 'S 76', 1, 'tc50', '58', '76', ''),
(245, 'S 76', 1, 'tc90', '96', '115', ''),
(246, 'S 79', 1, 'MH', '5.5', '10', ''),
(247, 'S 79', 1, 'ML', '1.3', '1.9', ''),
(248, 'S 79', 1, 'tc10', '27', '38', ''),
(249, 'S 79', 1, 'tc50', '52', '61', ''),
(250, 'S 79', 1, 'tc90', '74', '95', ''),
(251, 'S 771', 1, 'MH', '3.8', '7.4', ''),
(252, 'S 771', 1, 'ML', '0.7', '1.3', ''),
(253, 'S 771', 1, 'tc10', '23', '41', ''),
(254, 'S 771', 1, 'tc50', '44', '74', ''),
(255, 'S 771', 1, 'tc90', '72', '98', ''),
(256, 'T 61', 1, 'MH', '9.8', '14', ''),
(257, 'T 61', 1, 'ML', '2.7', '5.9', ''),
(258, 'T 61', 1, 'tc10', '30', '40', ''),
(259, 'T 61', 1, 'tc50', '50', '70', ''),
(260, 'T 61', 1, 'tc90', '85', '117', ''),
(261, 'T 62', 1, 'MH', '9.2', '17', ''),
(262, 'T 62', 1, 'ML', '1.3', '6.3', ''),
(263, 'T 62', 1, 'tc10', '15', '36', ''),
(264, 'T 62', 1, 'tc50', '37', '54', ''),
(265, 'T 62', 1, 'tc90', '64', '79', ''),
(266, 'T 64', 1, 'MH', '11.1', '16.7', ''),
(267, 'T 64', 1, 'ML', '1.6', '4.9', ''),
(268, 'T 64', 1, 'tc10', '27', '43', ''),
(269, 'T 64', 1, 'tc50', '50', '66', ''),
(270, 'T 64', 1, 'tc90', '83', '105', ''),
(271, 'T 65', 1, 'MH', '8', '13.1', ''),
(272, 'T 65', 1, 'ML', '1.9', '4', ''),
(273, 'T 65', 1, 'tc10', '30', '37', ''),
(274, 'T 65', 1, 'tc50', '49', '61', ''),
(275, 'T 65', 1, 'tc90', '78', '108', ''),
(276, 'T 66', 1, 'MH', '6.1', '10.5', ''),
(277, 'T 66', 1, 'ML', '0.7', '1.2', ''),
(278, 'T 66', 1, 'tc10', '20', '27', ''),
(279, 'T 66', 1, 'tc50', '26', '35', ''),
(280, 'T 66', 1, 'tc90', '32', '51', ''),
(281, 'T 67', 1, 'MH', '8.8', '12.5', ''),
(282, 'T 67', 1, 'ML', '1.8', '3', ''),
(283, 'T 67', 1, 'tc10', '26', '45', ''),
(284, 'T 67', 1, 'tc50', '47', '70', ''),
(285, 'T 67', 1, 'tc90', '84', '105', ''),
(286, 'T 69', 1, 'MH', '7', '13.4', ''),
(287, 'T 69', 1, 'ML', '1.1', '2.9', ''),
(288, 'T 69', 1, 'tc10', '25', '34', ''),
(289, 'T 69', 1, 'tc50', '49', '61', ''),
(290, 'T 69', 1, 'tc90', '79', '93', ''),
(291, 'T 90', 1, 'MH', '6.7', '11.4', ''),
(292, 'T 90', 1, 'ML', '0.8', '1.7', ''),
(293, 'T 90', 1, 'tc10', '17', '21', ''),
(294, 'T 90', 1, 'tc50', '24', '32', ''),
(295, 'T 90', 1, 'tc90', '37', '49', ''),
(296, 'T 112', 1, 'MH', '8.3', '12.7', ''),
(297, 'T 112', 1, 'ML', '1.8', '3.4', ''),
(298, 'T 112', 1, 'tc10', '34', '39', ''),
(299, 'T 112', 1, 'tc50', '44', '45', ''),
(300, 'T 112', 1, 'tc90', '70', '95', ''),
(301, 'T 123', 1, 'MH', '5.5', '9.4', ''),
(302, 'T 123', 1, 'ML', '1', '2.3', ''),
(303, 'T 123', 1, 'tc10', '34', '39', ''),
(304, 'T 123', 1, 'tc50', '48', '55', ''),
(305, 'T 123', 1, 'tc90', '79', '96', '');

-- --------------------------------------------------------

--
-- Table structure for table `labor_master_machine_fields`
--

CREATE TABLE `labor_master_machine_fields` (
  `idfield` int(11) NOT NULL AUTO_INCREMENT,
  `idmachinereport` int(11) DEFAULT NULL,
  `namefield` varchar(150) DEFAULT NULL,
  `textlabel` varchar(50) CHARACTER SET utf8 NOT NULL,
  `value_start` varchar(20) DEFAULT NULL,
  `value_end` varchar(20) DEFAULT NULL,
  `unit_name` varchar(150) DEFAULT NULL,
  `xtype` varchar(25) NOT NULL,
  `sortorder` int(11) DEFAULT NULL,
  PRIMARY KEY (`idfield`),
  KEY `idmachine` (`idmachinereport`)
) ENGINE=InnoDB  DEFAULT CHARSET=latin1 AUTO_INCREMENT=478 ;

--
-- Dumping data for table `labor_master_machine_fields`
--

INSERT INTO `labor_master_machine_fields` (`idfield`, `idmachinereport`, `namefield`, `textlabel`, `value_start`, `value_end`, `unit_name`, `xtype`, `sortorder`) VALUES
(1, 1, 'MH', 'MH', NULL, NULL, NULL, 'textfield', 1),
(2, 1, 'ML', 'ML', NULL, NULL, NULL, 'textfield', 2),
(3, 1, 'tc10', 'TC 10', NULL, NULL, NULL, 'textfield', 3),
(4, 1, 'tc50', 'TC 50', NULL, NULL, NULL, 'textfield', 4),
(5, 1, 'tc90', 'TC 90', NULL, NULL, NULL, 'textfield', 5),
(31, 2, 'TEST_TIME', 'TEST TIME', NULL, NULL, NULL, 'textfield', 2),
(32, 2, 'TEST_TEMP', 'TEST TEMP', NULL, NULL, NULL, 'textfield', 3),
(33, 2, 'MH', 'MH', NULL, NULL, NULL, 'textfield', 4),
(34, 2, 'ML', 'ML', NULL, NULL, NULL, 'textfield', 5),
(35, 2, 'TC10', 'TC10', NULL, NULL, NULL, 'textfield', 6),
(36, 2, 'TC50', 'TC50', NULL, NULL, NULL, 'textfield', 7),
(37, 2, 'TC90', 'TC90', NULL, NULL, NULL, 'textfield', 8),
(38, 2, 'TC100', 'TC100', NULL, NULL, NULL, 'textfield', 9),
(39, 2, 'TS1', 'TS1', NULL, NULL, NULL, 'textfield', 10),
(40, 2, 'TS2', 'TS2', NULL, NULL, NULL, 'textfield', 11),
(41, 2, 'STATUS', 'STATUS', NULL, NULL, NULL, 'textfield', 12),
(55, 3, 'TEST_TIME', 'TEST TIME', NULL, NULL, NULL, 'textfield', 2),
(56, 3, 'TEST_TEMP', 'TEST TEMP', NULL, NULL, NULL, 'textfield', 3),
(57, 3, 'MH', 'MH', NULL, NULL, NULL, 'textfield', 4),
(58, 3, 'ML', 'ML', NULL, NULL, NULL, 'textfield', 5),
(59, 3, 'TC10', 'TC10', NULL, NULL, NULL, 'textfield', 6),
(60, 3, 'TC50', 'TC50', NULL, NULL, NULL, 'textfield', 7),
(61, 3, 'TC90', 'TC90', NULL, NULL, NULL, 'textfield', 8),
(62, 3, 'TC100', 'TC100', NULL, NULL, NULL, 'textfield', 9),
(63, 3, 'TS1', 'TS1', NULL, NULL, NULL, 'textfield', 10),
(64, 3, 'TS2', 'TS2', NULL, NULL, NULL, 'textfield', 11),
(65, 3, 'STATUS', 'STATUS', NULL, NULL, NULL, 'textfield', 12),
(67, 4, 'TEST_TIME', 'TEST TIME', NULL, NULL, NULL, 'textfield', 2),
(68, 4, 'TEST_TEMP', 'TEST TEMP', NULL, NULL, NULL, 'textfield', 3),
(69, 4, 'MH', 'MH', NULL, NULL, NULL, 'textfield', 4),
(70, 4, 'ML', 'ML', NULL, NULL, NULL, 'textfield', 5),
(71, 4, 'TC10', 'TC10', NULL, NULL, NULL, 'textfield', 6),
(72, 4, 'TC50', 'TC50', NULL, NULL, NULL, 'textfield', 7),
(73, 4, 'TC90', 'TC90', NULL, NULL, NULL, 'textfield', 8),
(74, 4, 'TC100', 'TC100', NULL, NULL, NULL, 'textfield', 9),
(75, 4, 'TS1', 'TS1', NULL, NULL, NULL, 'textfield', 10),
(76, 4, 'TS2', 'TS2', NULL, NULL, NULL, 'textfield', 11),
(77, 4, 'STATUS', 'STATUS', NULL, NULL, NULL, 'textfield', 12),
(78, 6, 'MW_90', 'MW 90', NULL, NULL, NULL, 'textfield', 1),
(110, 8, 'DENSITY', 'DENSITY', NULL, NULL, NULL, 'textfield', 1),
(111, 30, 'Cycle_x1000', 'Cycle (x1000)', NULL, NULL, NULL, 'textfield', 1),
(112, 31, 'c1', 'Crack (mm) - 1', NULL, NULL, NULL, 'textfield', 10),
(113, 31, 'c2', 'Crack (mm) - 2', NULL, NULL, NULL, 'textfield', 11),
(114, 31, 'c3', 'Crack (mm) - 3', NULL, NULL, NULL, 'textfield', 12),
(115, 9, 'TS_5', 'TS 5', NULL, NULL, NULL, 'textfield', 1),
(116, 9, 'TS_35', 'TS 35', NULL, NULL, NULL, 'textfield', 2),
(117, 10, 'ML_4', 'ML+4', NULL, NULL, NULL, 'textfield', 1),
(128, 13, 'Hardnes', 'Hardness Hight Temp', NULL, NULL, NULL, 'textfield', 13),
(129, 13, 'M_100mpa', 'Modulus 100 Mpa Hight Temp', NULL, NULL, NULL, 'textfield', 14),
(130, 13, 'M_300mpa', 'Modulus 300 Mpa Hight Temp', NULL, NULL, NULL, 'textfield', 15),
(131, 13, 'Tensile', 'Tensile  Mpa Hight Temp', NULL, NULL, NULL, 'textfield', 16),
(132, 13, 'Elongation', 'Elongation % Hight Temp', NULL, NULL, NULL, 'textfield', 17),
(134, 14, 'X', 'X', NULL, NULL, NULL, 'textfield', 15),
(135, 14, 'Y', 'Y', NULL, NULL, NULL, 'textfield', 16),
(136, 14, 'E', 'E', NULL, NULL, NULL, 'textfield', 17),
(137, 14, 'Persen', '%', NULL, NULL, NULL, 'textfield', 18),
(140, 30, 'Crack_initiation', 'Crack initiation', NULL, NULL, NULL, 'textfield', 30),
(143, 19, 'DIAMETER', 'DIAMETER', NULL, NULL, NULL, 'textfield', 1),
(147, 20, 'No', 'No', NULL, NULL, NULL, 'textfield', 20),
(148, 20, 'F_stat', 'F stat.', NULL, NULL, NULL, 'textfield', 21),
(149, 20, 'Strain_stat', 'Strain stat', NULL, NULL, NULL, 'textfield', 22),
(150, 20, 'Stress_stat', 'Stress stat', NULL, NULL, NULL, 'textfield', 23),
(151, 20, 'Lo', 'Lo', NULL, NULL, NULL, 'textfield', 24),
(152, 20, 'Lm', 'Lm', NULL, NULL, NULL, 'textfield', 25),
(153, 20, 'F_dyn', 'F dyn.', NULL, NULL, NULL, 'textfield', 26),
(154, 20, 'Strain_dyn', 'Strain dyn', NULL, NULL, NULL, 'textfield', 27),
(155, 20, 'Stress_dyn', 'Stress dyn', NULL, NULL, NULL, 'textfield', 28),
(156, 20, 'Time', 'Time', NULL, NULL, NULL, 'textfield', 29),
(157, 20, 'f', 'f', NULL, NULL, NULL, 'textfield', 30),
(158, 20, 'T', 'T', NULL, NULL, NULL, 'textfield', 31),
(159, 19, 'E___', '|E*|', NULL, NULL, NULL, 'textfield', 16),
(161, 20, 'E__', 'E``', NULL, NULL, NULL, 'textfield', 33),
(162, 19, 'AT_2', 'AT', NULL, NULL, NULL, 'textfield', 19),
(163, 20, 'tan', 'tan ä', NULL, NULL, NULL, 'textfield', 35),
(164, 20, 'F_cont', 'F cont.', NULL, NULL, NULL, 'textfield', 36),
(165, 20, 'T2', 'T2', NULL, NULL, NULL, 'textfield', 37),
(166, 20, 'T3', 'T3', NULL, NULL, NULL, 'textfield', 38),
(167, 20, 'j___', '|J*|', NULL, NULL, NULL, 'textfield', 39),
(168, 21, 'No', 'No', NULL, NULL, NULL, 'textfield', 21),
(169, 21, 'F_stat', 'F stat.', NULL, NULL, NULL, 'textfield', 22),
(170, 21, 'Strain_stat', 'Strain stat', NULL, NULL, NULL, 'textfield', 23),
(171, 21, 'Stress_stat', 'Stress stat', NULL, NULL, NULL, 'textfield', 24),
(172, 21, 'Lo', 'Lo', NULL, NULL, NULL, 'textfield', 25),
(173, 21, 'Lm', 'Lm', NULL, NULL, NULL, 'textfield', 26),
(174, 21, 'F_dyn', 'F dyn.', NULL, NULL, NULL, 'textfield', 27),
(175, 21, 'Strain_dyn', 'Strain dyn', NULL, NULL, NULL, 'textfield', 28),
(176, 21, 'Stress_dyn', 'Stress dyn', NULL, NULL, NULL, 'textfield', 29),
(177, 21, 'Time', 'Time', NULL, NULL, NULL, 'textfield', 30),
(178, 21, 'f', 'f', NULL, NULL, NULL, 'textfield', 31),
(179, 21, 'T', 'T', NULL, NULL, NULL, 'textfield', 32),
(180, 21, 'E_', 'E`', NULL, NULL, NULL, 'textfield', 33),
(181, 21, 'E__', 'E``', NULL, NULL, NULL, 'textfield', 34),
(182, 21, 'E___', '|E*|', NULL, NULL, NULL, 'textfield', 35),
(183, 21, 'tan', 'tan ä', NULL, NULL, NULL, 'textfield', 36),
(184, 21, 'F_cont', 'F cont.', NULL, NULL, NULL, 'textfield', 37),
(185, 21, 'T2', 'T2', NULL, NULL, NULL, 'textfield', 38),
(186, 21, 'T3', 'T3', NULL, NULL, NULL, 'textfield', 39),
(187, 21, 'j___', '|J*|', NULL, NULL, NULL, 'textfield', 40),
(188, 22, 'No', 'No', NULL, NULL, NULL, 'textfield', 22),
(189, 22, 'F_stat', 'F stat.', NULL, NULL, NULL, 'textfield', 23),
(190, 22, 'Strain_stat', 'Strain stat', NULL, NULL, NULL, 'textfield', 24),
(191, 22, 'Stress_stat', 'Stress stat', NULL, NULL, NULL, 'textfield', 25),
(192, 22, 'Lo', 'Lo', NULL, NULL, NULL, 'textfield', 26),
(193, 22, 'Lm', 'Lm', NULL, NULL, NULL, 'textfield', 27),
(194, 22, 'F_dyn', 'F dyn.', NULL, NULL, NULL, 'textfield', 28),
(195, 22, 'Strain_dyn', 'Strain dyn', NULL, NULL, NULL, 'textfield', 29),
(196, 22, 'Stress_dyn', 'Stress dyn', NULL, NULL, NULL, 'textfield', 30),
(197, 22, 'Time', 'Time', NULL, NULL, NULL, 'textfield', 31),
(198, 22, 'f', 'f', NULL, NULL, NULL, 'textfield', 32),
(199, 22, 'T', 'T', NULL, NULL, NULL, 'textfield', 33),
(200, 22, 'R_', 'R`', NULL, NULL, NULL, 'textfield', 34),
(201, 22, 'R__', 'R``', NULL, NULL, NULL, 'textfield', 35),
(202, 22, 'R___', '|R*|', NULL, NULL, NULL, 'textfield', 36),
(203, 22, 'tan_', 'tan ä', NULL, NULL, NULL, 'textfield', 37),
(204, 22, 'F_cont', 'F cont.', NULL, NULL, NULL, 'textfield', 38),
(205, 22, 'T2', 'T2', NULL, NULL, NULL, 'textfield', 39),
(206, 22, 'T3', 'T3', NULL, NULL, NULL, 'textfield', 40),
(207, 22, 'J__', '|J*|', NULL, NULL, NULL, 'textfield', 41),
(213, 25, 'No', 'No', NULL, NULL, NULL, 'textfield', 25),
(214, 25, 'TEMP', 'TEMP', NULL, NULL, NULL, 'textfield', 26),
(215, 25, 'Ebs_', 'E`', NULL, NULL, NULL, 'textfield', 27),
(216, 25, 'Ebs__', 'E``', NULL, NULL, NULL, 'textfield', 28),
(217, 25, 'E_', 'E0', NULL, NULL, NULL, 'textfield', 29),
(218, 25, 'TAN', 'TAN δ', NULL, NULL, NULL, 'textfield', 30),
(219, 25, 'Strain_Dy', 'Strain Dy.', NULL, NULL, NULL, 'textfield', 31),
(220, 26, 'No', 'No', NULL, NULL, NULL, 'textfield', 26),
(221, 27, 'TEMP', 'TEMP', NULL, NULL, NULL, 'textfield', 27),
(222, 27, 'E_', 'E``', NULL, NULL, NULL, 'textfield', 28),
(223, 27, 'E__', 'E``', NULL, NULL, NULL, 'textfield', 29),
(224, 27, 'E___', 'E*', NULL, NULL, NULL, 'textfield', 30),
(225, 27, 'TAN_', 'TAN δ', NULL, NULL, NULL, 'textfield', 31),
(226, 27, 'Strain_Dy', 'Strain Dy.', NULL, NULL, NULL, 'textfield', 32),
(227, 28, 'No', 'No', NULL, NULL, NULL, 'textfield', 28),
(228, 28, 'TEMP', 'TEMP', NULL, NULL, NULL, 'textfield', 29),
(229, 28, 'E_', 'E`', NULL, NULL, NULL, 'textfield', 30),
(230, 28, 'E__', 'E``', NULL, NULL, NULL, 'textfield', 31),
(231, 28, 'E___', 'E*', NULL, NULL, NULL, 'textfield', 32),
(232, 28, 'TAN_', 'TAN δ', NULL, NULL, NULL, 'textfield', 33),
(233, 28, 'Strain_Dy', 'Strain Dy.', NULL, NULL, NULL, 'textfield', 34),
(234, 0, 'E_', 'E`', NULL, NULL, NULL, 'textfield', 29),
(235, 0, 'E__', 'E``', NULL, NULL, NULL, 'textfield', 30),
(236, 0, 'E___', 'E*', NULL, NULL, NULL, 'textfield', 31),
(237, 0, 'TAN_', 'TAN δ ', NULL, NULL, NULL, 'textfield', 32),
(238, 0, 'Strain', 'Strain', NULL, NULL, NULL, 'textfield', 33),
(239, 0, 'DATE', 'DATE', NULL, NULL, NULL, 'textfield', 32),
(240, 32, 'CONDITION', 'CONDITION', NULL, NULL, NULL, 'textfield', 33),
(241, 32, 'TEMP', 'TEMP.', NULL, NULL, NULL, 'textfield', 34),
(242, 32, 'TIME_SV', 'TIME SV', NULL, NULL, NULL, 'textfield', 35),
(243, 32, 'STROKE_SV', 'STROKE SV ', NULL, NULL, NULL, 'textfield', 36),
(244, 32, 'SPEED_SV', 'SPEED SV', NULL, NULL, NULL, 'textfield', 37),
(245, 32, 'FZ_SV', 'FZ SV', NULL, NULL, NULL, 'textfield', 38),
(246, 32, 'SAMPLING', 'SAMPLING', NULL, NULL, NULL, 'textfield', 39),
(247, 32, 'Data_No', 'Data No.', NULL, NULL, NULL, 'textfield', 40),
(248, 32, 'p_Ave_1', 'μp Ave 1', NULL, NULL, NULL, 'textfield', 42),
(249, 32, 'd_Ave_2', 'μd Ave 2', NULL, NULL, NULL, 'textfield', 43),
(251, 33, 'CONDITION', 'CONDITION', NULL, NULL, NULL, 'textfield', 34),
(252, 33, 'TEMP', 'TEMP', NULL, NULL, NULL, 'textfield', 35),
(253, 33, 'TIME_SV', 'TIME SV', NULL, NULL, NULL, 'textfield', 36),
(254, 33, 'STROKE_SV', 'STROKE SV ', NULL, NULL, NULL, 'textfield', 37),
(255, 33, 'SPEED_SV', 'SPEED SV', NULL, NULL, NULL, 'textfield', 38),
(256, 33, 'FZ_SV', 'FZ SV', NULL, NULL, NULL, 'textfield', 39),
(257, 33, 'SAMPLING', 'SAMPLING', NULL, NULL, NULL, 'textfield', 40),
(258, 33, 'Data_No', 'Data No.', NULL, NULL, NULL, 'textfield', 41),
(259, 33, 'p_Ave_1', 'μp Ave 1', NULL, NULL, NULL, 'textfield', 43),
(260, 33, 'd_Ave_2', 'μd Ave 2', NULL, NULL, NULL, 'textfield', 44),
(267, 34, 'FZ_SV', 'FZ SV', NULL, NULL, NULL, 'textfield', 40),
(268, 34, 'SAMPLING', 'SAMPLING', NULL, NULL, NULL, 'textfield', 41),
(269, 34, 'Data_No', 'Data No.', NULL, NULL, NULL, 'textfield', 42),
(270, 34, 'p_Ave_1', 'μp Ave 1', NULL, NULL, NULL, 'textfield', 44),
(271, 34, '?d_Ave_2', 'μd Ave 2', NULL, NULL, NULL, 'textfield', 45),
(273, 34, 'CONDITION', 'CONDITION', NULL, NULL, NULL, 'textfield', 35),
(274, 34, 'TEMP', 'TEMP', NULL, NULL, NULL, 'textfield', 36),
(275, 34, 'TIME_SV', 'TIME SV', NULL, NULL, NULL, 'textfield', 37),
(276, 34, 'STROKE_SV', 'STROKE SV ', NULL, NULL, NULL, 'textfield', 38),
(277, 34, 'SPEED_SV', 'SPEED SV', NULL, NULL, NULL, 'textfield', 39),
(283, 36, 'Crack initiation', 'Crack initiation', NULL, NULL, NULL, 'textfield', 36),
(284, 38, 'SAMPLE_NO', 'SAMPLE NO.', NULL, NULL, NULL, 'textfield', 38),
(285, 38, 'LOAD_N', 'LOAD (N)', NULL, NULL, NULL, 'textfield', 39),
(286, 38, 'SLIP_RATIO_', 'SLIP RATIO (%)', NULL, NULL, NULL, 'textfield', 40),
(287, 38, 'TIME_S', 'TIME (second)', NULL, NULL, NULL, 'textfield', 41),
(288, 38, 'WBR', 'WEIGHT BEFORE (gram)', NULL, NULL, NULL, 'textfield', 42),
(289, 38, 'WAR', 'WEIGHT AFTER (gram)', NULL, NULL, NULL, 'textfield', 43),
(290, 38, 'WG', 'ΔW (gram)', NULL, NULL, NULL, 'textfield', 44),
(291, 38, 'AW', 'AVE  (ΔW/n)', NULL, NULL, NULL, 'textfield', 45),
(292, 38, 'ATG', 'AVE/TIME (gram/minute)', NULL, NULL, NULL, 'textfield', 46),
(298, 23, 'MODE', 'MODE', NULL, NULL, NULL, 'textfield', 23),
(299, 23, 'STATIC_LOAD_N', 'STATIC LOAD (N)', NULL, NULL, NULL, 'textfield', 24),
(300, 23, 'DYNAMIC_STRESS_N', 'DYNAMIC STRESS (N)', NULL, NULL, NULL, 'textfield', 25),
(301, 23, 'DYNAMIC_STRAIN_mm', 'DYNAMIC STRAIN (mm)', NULL, NULL, NULL, 'textfield', 26),
(302, 23, 'FREQ_Hz', 'FREQ (Hz)', NULL, NULL, NULL, 'textfield', 27),
(303, 23, 'TEST_TIME_minute', 'TEST TIME (minute)', NULL, NULL, NULL, 'textfield', 28),
(304, 23, 'T0_C', 'T0   (°C)', NULL, NULL, NULL, 'textfield', 29),
(305, 23, 'T1_C', 'T1     (°C)', NULL, NULL, NULL, 'textfield', 30),
(306, 23, 'TBLOWO_C', 'TBLOW OUT  (°C)', NULL, NULL, NULL, 'textfield', 31),
(307, 23, 'BLOW_O_T', 'BLOW OUT TIME (min:sec)', NULL, NULL, NULL, 'textfield', 32),
(313, 12, 'Hardnes', 'Hardness Ageing', NULL, NULL, NULL, 'textfield', 12),
(314, 12, 'M_100mpa', 'Modulus 100 Mpa Ageing', NULL, NULL, NULL, 'textfield', 13),
(315, 12, 'M_300mpa', 'Modulus 300 Mpa Ageing', NULL, NULL, NULL, 'textfield', 14),
(316, 12, 'Tensile', 'Tensile  Mpa Ageing', NULL, NULL, NULL, 'textfield', 15),
(317, 12, 'Elongation', 'Elongation % Ageing', NULL, NULL, NULL, 'textfield', 16),
(318, 11, 'Hardenss', 'Hardness Fresh', NULL, NULL, NULL, 'textfield', 11),
(319, 11, 'M_100mpa', 'Modulus 100 Mpa Fresh', NULL, NULL, NULL, 'textfield', 12),
(320, 11, 'M_300mpa', 'Modulus 300 Mpa Fresh', NULL, NULL, NULL, 'textfield', 13),
(321, 11, 'Tensile', 'Tensile  Mpa Fresh', NULL, NULL, NULL, 'textfield', 14),
(322, 11, 'Elongation', 'Elongation % Fresh', NULL, NULL, NULL, 'textfield', 15),
(323, 0, 'E_', 'E`', NULL, NULL, NULL, 'textfield', 29),
(324, 0, 'E__', 'E``', NULL, NULL, NULL, 'textfield', 30),
(325, 0, 'E___', 'E*', NULL, NULL, NULL, 'textfield', 31),
(326, 0, 'TAN_', 'TAN δ ', NULL, NULL, NULL, 'textfield', 32),
(327, 0, 'Strain', 'Strain', NULL, NULL, NULL, 'textfield', 33),
(328, 29, 'E_', 'E`', NULL, NULL, NULL, 'textfield', 29),
(329, 29, 'E__', 'E``', NULL, NULL, NULL, 'textfield', 30),
(330, 29, 'E___', 'E*', NULL, NULL, NULL, 'textfield', 31),
(331, 29, 'TAN_', 'TAN δ ', NULL, NULL, NULL, 'textfield', 32),
(332, 29, 'Strain', 'Strain', NULL, NULL, NULL, 'textfield', 33),
(334, 16, 'NO', 'NO', NULL, NULL, NULL, 'numberfield', 16),
(335, 16, 'DEMENSION', 'DEMENSION', NULL, NULL, NULL, 'textfield', 17),
(336, 16, 'TESTMETHOD', 'TESTMETHOD', NULL, NULL, NULL, 'textfield', 18),
(337, 16, 'HASIL', 'HASIL', NULL, NULL, NULL, 'textfield', 19),
(338, 26, 'TEMP', 'TEMP', NULL, NULL, NULL, 'textfield', 27),
(339, 26, 'E_', 'E``', NULL, NULL, NULL, 'textfield', 28),
(340, 26, 'E__', 'E``', NULL, NULL, NULL, 'textfield', 29),
(341, 26, 'E___', 'E*', NULL, NULL, NULL, 'textfield', 30),
(342, 26, 'TAN_', 'TAN δ', NULL, NULL, NULL, 'textfield', 31),
(343, 26, 'STRAIN_DY', 'STRAIN DY', NULL, NULL, NULL, 'textfield', 32),
(344, 17, 'ITEM_TEST', 'ITEMTEST', NULL, NULL, NULL, 'textfield', 2),
(349, 15, 'Tear_Strength', 'TearStrength', NULL, NULL, NULL, 'textfield', 15),
(350, 15, 'N_mm', 'N/mm', NULL, NULL, NULL, 'textfield', 16),
(351, 18, 'NO', 'NO', NULL, NULL, NULL, 'textfield', 18),
(352, 18, 'Tensile_strain', 'Tensilestrain]', NULL, NULL, NULL, 'textfield', 19),
(353, 18, 'Tensile_stress', 'Tensilestress', NULL, NULL, NULL, 'textfield', 20),
(354, 7, 'value', 'Value', NULL, NULL, NULL, 'textfield', 2),
(355, 40, 'TEST_METHOD', 'TESTMETHOD', NULL, NULL, NULL, 'textfield', 2),
(356, 40, 'LINEAR_DENSITY', 'LINEARDENSITY', NULL, NULL, NULL, 'textfield', 4),
(357, 40, 'SHIRNGKAGE', 'SHIRNGKAGE', NULL, NULL, NULL, 'textfield', 5),
(358, 40, 'STIFFNESS', 'STIFFNESS', NULL, NULL, NULL, 'textfield', 6),
(359, 40, 'BREAKING_STRENGHT', 'BREAKING STRENGHT', NULL, NULL, NULL, 'textfield', 7),
(360, 40, 'ELONGATION_ATBREAK', 'ELONGATION AT BREAK', NULL, NULL, NULL, 'textfield', 8),
(361, 7, 'LABEL', 'LABEL', NULL, NULL, NULL, 'textfield', 1),
(371, 24, 'CE', 'CE', NULL, NULL, NULL, 'textfield', 2),
(378, 19, 'No', 'No', NULL, NULL, NULL, 'textfield', 2),
(379, 19, 'F_Stat', 'F Stat', NULL, NULL, NULL, 'textfield', 3),
(380, 19, 'Therm_Set', 'Therm. Set', NULL, NULL, NULL, 'textfield', 4),
(381, 19, 'Stress_Stat', 'Stress Stat', NULL, NULL, NULL, 'textfield', 5),
(382, 19, 'Lo_mm', 'Lo', NULL, NULL, NULL, 'textfield', 6),
(383, 19, 'Lm_mm', 'Lm', NULL, NULL, NULL, 'textfield', 7),
(384, 19, 'F_dyn', 'F dyn', NULL, NULL, NULL, 'textfield', 8),
(385, 19, 'Strain_dyn', 'Strain dyn', NULL, NULL, NULL, 'textfield', 9),
(386, 19, 'Stress_dyn', 'Stress dyn', NULL, NULL, NULL, 'textfield', 10),
(387, 19, 'Time_min', 'Time', NULL, NULL, NULL, 'textfield', 11),
(388, 19, 'f_Hz', 'f', NULL, NULL, NULL, 'textfield', 12),
(389, 19, 'T', 'T', NULL, NULL, NULL, 'textfield', 13),
(390, 19, 'Tan_delta', 'Tan_', NULL, NULL, NULL, 'textfield', 17),
(391, 19, 'Strain_stat', 'Strain stat', NULL, NULL, NULL, 'textfield', 21),
(392, 19, 'E_', 'E', NULL, NULL, NULL, 'textfield', 14),
(393, 19, 'E__', 'E_', NULL, NULL, NULL, 'textfield', 15),
(394, 19, 'F_cont', 'F cont', NULL, NULL, NULL, 'textfield', 18),
(395, 19, 'T3', 'T3', NULL, NULL, NULL, 'textfield', 20),
(396, 24, 'CURE_BLOWPOINT', 'CURE BLOW POINT', NULL, NULL, NULL, 'textfield', 1),
(397, 24, 'BLOW_DISTANCE', 'BLOW DISTANCE', NULL, NULL, NULL, 'textfield', 3),
(398, 24, 'BP', 'BP', NULL, NULL, NULL, 'textfield', 4),
(399, 24, 'REMAKS', 'REMAKS', NULL, NULL, NULL, 'textfield', 5),
(400, 27, 'No', 'No', NULL, NULL, NULL, 'textfield', 26),
(401, 43, 'ITEM_TEST', 'ITEM TEST', NULL, NULL, NULL, 'textfield', 2),
(402, 43, 'DIMENSION', 'DIMENSION', NULL, NULL, NULL, 'textfield', 3),
(403, 43, 'TEST_METHOD', 'TESTMETHOD', NULL, NULL, NULL, 'textfield', 4),
(404, 43, 'RESULT_1', 'RESULT1', NULL, NULL, NULL, 'textfield', 5),
(406, 17, 'UNIT', 'UNIT', NULL, NULL, NULL, 'textfield', 3),
(407, 17, 'TEST_METHOD', 'TESTMETHOD', NULL, NULL, NULL, 'textfield', 4),
(408, 17, 'STANDART', 'STANDART', NULL, NULL, NULL, 'textfield', 5),
(409, 17, 'TANGGAL_TEST', 'TANGGALTEST', NULL, NULL, NULL, 'textfield', 6),
(410, 17, 'HARI', 'HARI', NULL, NULL, NULL, 'textfield', 7),
(411, 17, 'TEST_1', 'TEST1', NULL, NULL, NULL, 'textfield', 8),
(412, 17, 'TEST_2', 'TEST2', NULL, NULL, NULL, 'textfield', 9),
(413, 17, 'REMAKS', 'REMAKS', NULL, NULL, NULL, 'textfield', 11),
(414, 44, 'NO', 'NO', NULL, NULL, NULL, 'textfield', 1),
(415, 44, 'ITEM_TEST', 'ITEMTEST', NULL, NULL, NULL, 'textfield', 2),
(416, 44, 'UNIT', 'UNIT', NULL, NULL, NULL, 'textfield', 3),
(417, 44, 'TEST_METHOD', 'TESTMETHOD', NULL, NULL, NULL, 'textfield', 4),
(418, 44, 'RESULT', 'RESULT', NULL, NULL, NULL, 'textfield', 5),
(419, 40, 'LASE_5', 'LASE5%', NULL, NULL, NULL, 'textfield', 9),
(420, 40, 'ELONG_AT', 'ELONGAT', NULL, NULL, NULL, 'textfield', 10),
(422, 40, 'MOISTURE', 'MOISTURE', NULL, NULL, NULL, 'textfield', 11),
(423, 40, 'TWIST', 'TWIST', NULL, NULL, NULL, 'textfield', 12),
(424, 40, 'ADHESION_TEST', 'ADHESIONTEST', NULL, NULL, NULL, 'textfield', 13),
(425, 40, 'NO', 'NO', NULL, NULL, NULL, 'textfield', 1),
(426, 40, 'GAUGE', 'GAUGE', NULL, NULL, NULL, 'textfield', 3),
(427, 45, 'NO', 'NO', NULL, NULL, NULL, 'textfield', 1),
(428, 45, 'MOONEY_VISCO', 'MOONEYVISCO', NULL, NULL, NULL, 'textfield', 2),
(429, 45, 'PO', 'PO', NULL, NULL, NULL, 'textfield', 3),
(430, 45, 'PA', 'PA', NULL, NULL, NULL, 'textfield', 4),
(431, 45, 'PO_MED30', 'POMED30', NULL, NULL, NULL, 'textfield', 5),
(432, 45, 'PA_MED', 'PAMED', NULL, NULL, NULL, 'textfield', 6),
(433, 45, 'PRI_MIN50', 'PRIMIN50', NULL, NULL, NULL, 'textfield', 7),
(434, 45, 'REMAKS', 'REMAKS', NULL, NULL, NULL, 'textfield', 8),
(435, 47, 'NO', 'NO', NULL, NULL, NULL, 'textfield', 1),
(436, 47, 'TEST_METHOD', 'TESTMETHOD', NULL, NULL, NULL, 'textfield', 2),
(437, 47, 'LINEAR_DENSITY', 'LINEARDENSITY', NULL, NULL, NULL, 'textfield', 3),
(438, 47, 'BREAKING_STRENGTH', 'BREAKINGSTRENGTH', NULL, NULL, NULL, 'textfield', 4),
(439, 47, 'ELONG_AT_BREAK', 'ELONGATBREAK', NULL, NULL, NULL, 'textfield', 5),
(440, 47, 'ADHESION', 'ADHESION', NULL, NULL, NULL, 'textfield', 6),
(441, 47, 'TORSION', 'TORSION', NULL, NULL, NULL, 'textfield', 7),
(442, 47, 'CU_CONTENT', 'CUCONTENT', NULL, NULL, NULL, 'textfield', 8),
(443, 47, 'MASA_OF_BRASS', 'MASAOFBRASS', NULL, NULL, NULL, 'textfield', 9),
(444, 48, 'NO', 'NO', NULL, NULL, NULL, 'textfield', 1),
(445, 48, 'TEST_METHOD', 'TESTMETHOD', NULL, NULL, NULL, 'textfield', 2),
(446, 48, 'DIAMETER', 'DIAMETER', NULL, NULL, NULL, 'textfield', 3),
(447, 48, 'LINEAR_DENSITY', 'LINEARDENSITY', NULL, NULL, NULL, 'textfield', 4),
(448, 48, 'BREAKING_STRENGTH', 'BREAKINGSTRENGTH', NULL, NULL, NULL, 'textfield', 5),
(449, 48, 'MASS_OF_BRASS', 'MASSOFBRASS', NULL, NULL, NULL, 'textfield', 9),
(450, 49, 'NO', 'NO', NULL, NULL, NULL, 'textfield', 1),
(451, 49, 'GAUGE', 'GAUGE', NULL, NULL, NULL, 'textfield', 2),
(452, 49, 'LINEAR_DENSITY', 'LINEARDENSITY', NULL, NULL, NULL, 'textfield', 3),
(453, 49, 'SHIRINGKAGE', 'SHIRINGKAGE', NULL, NULL, NULL, 'textfield', 4),
(454, 49, 'STIFFNESS', 'STIFFNESS', NULL, NULL, NULL, 'textfield', 5),
(455, 49, 'BREAKING_STRENGTH', 'BREAKINGSTRENGTH', NULL, NULL, NULL, 'textfield', 6),
(456, 49, 'ELONG_AT_BREAK', 'ELONGATBREAK', NULL, NULL, NULL, 'textfield', 7),
(457, 49, 'LASE_5', 'LASE5%', NULL, NULL, NULL, 'textfield', 8),
(458, 49, 'ELONG_AT', 'ELONGAT', NULL, NULL, NULL, 'textfield', 9),
(459, 49, 'MOISTURE', 'MOISTURE', NULL, NULL, NULL, 'textfield', 10),
(460, 49, 'TWIST', 'TWIST', NULL, NULL, NULL, 'textfield', 11),
(461, 49, 'ADHESION_TEST', 'ADHESIONTEST', NULL, NULL, NULL, 'textfield', 12),
(462, 5, 'VISCO_130', 'VISCO130', NULL, NULL, NULL, 'textfield', 1),
(463, 35, 'CONDITION', 'CONDITION', NULL, NULL, NULL, 'textfield', 1),
(464, 0, 'CONDITION', 'CONDITION', NULL, NULL, NULL, 'textfield', 1),
(465, 35, 'TEMP', 'TEMP', NULL, NULL, NULL, 'textfield', 2),
(466, 35, 'FZ_SV', 'FZSV', NULL, NULL, NULL, 'textfield', 6),
(467, 35, 'STIME_SV', 'TIMESV', NULL, NULL, NULL, 'textfield', 3),
(468, 35, 'SPEED_SV', 'SPEEDSV', NULL, NULL, NULL, 'textfield', 5),
(469, 35, 'STROKE_SV', 'STROKESV', NULL, NULL, NULL, 'textfield', 4),
(470, 35, 'SAMPLING', 'SAMPLING', NULL, NULL, NULL, 'textfield', 7),
(471, 35, 'Data_No', 'DataNo', NULL, NULL, NULL, 'textfield', 8),
(472, 35, 'p_Ave_1', 'p_Ave_1', NULL, NULL, NULL, 'textfield', 9),
(473, 35, 'p_Ave_2', 'p_Ave_2', NULL, NULL, NULL, 'textfield', 10),
(474, 14, 'E_IMAGE', 'EIMAGE', NULL, NULL, NULL, 'textfield', 19),
(475, 43, 'RESULT_2', 'RESULT2', NULL, NULL, NULL, 'textfield', 6),
(476, 43, 'RESULT_3', 'RESULT3', NULL, NULL, NULL, 'textfield', 7),
(477, 43, 'REMAKS', 'REMAKS', NULL, NULL, NULL, 'textfield', 8);

-- --------------------------------------------------------

--
-- Table structure for table `labor_master_machine_test`
--

CREATE TABLE `labor_master_machine_test` (
  `idmachine` int(11) NOT NULL AUTO_INCREMENT,
  `name` varchar(300) DEFAULT NULL,
  PRIMARY KEY (`idmachine`)
) ENGINE=InnoDB  DEFAULT CHARSET=latin1 AUTO_INCREMENT=23 ;

--
-- Dumping data for table `labor_master_machine_test`
--

INSERT INTO `labor_master_machine_test` (`idmachine`, `name`) VALUES
(1, 'RHOEMETER'),
(2, 'RUBBER PROCESS ANALYSYS'),
(3, 'DENSITY'),
(4, 'MOONEY VISCOSITY'),
(5, 'PHYSICAL PROPERTIS'),
(6, 'DISPERGRADER'),
(7, 'TEARING STRENGHT'),
(8, 'ADHESION'),
(9, 'TACKINESS'),
(10, 'POISON RATIO'),
(11, 'COMPRESSION'),
(12, 'FLEXOMETER'),
(13, 'BLOO POINT'),
(14, 'RHEOLOGRAPH'),
(15, 'FLEX CRACK '),
(16, 'Cut Growth '),
(17, 'FRICTION '),
(18, 'FATIGUE '),
(19, 'MICRSCOPE '),
(20, 'LAMBOURN ABRASSION'),
(21, 'LAT 100'),
(22, 'Other');

-- --------------------------------------------------------

--
-- Table structure for table `labor_master_material_compound`
--

CREATE TABLE `labor_master_material_compound` (
  `idmaterial` varchar(50) NOT NULL,
  `name` varchar(50) DEFAULT NULL,
  PRIMARY KEY (`idmaterial`)
) ENGINE=InnoDB DEFAULT CHARSET=latin1;

--
-- Dumping data for table `labor_master_material_compound`
--

INSERT INTO `labor_master_material_compound` (`idmaterial`, `name`) VALUES
('A 02 A', 'A 02 A'),
('A 09', 'A 09'),
('B 10', 'B 10'),
('C 30', 'C 30'),
('C 32', 'C 32'),
('C 33', 'C 33'),
('C 34', 'C 34'),
('C 37', 'C 37'),
('C 39', 'C 39'),
('CLT', 'CLT'),
('COP', 'COP'),
('F 33', 'F 33'),
('L 40', 'L 40'),
('L 61', 'L 61'),
('N 20', 'N 20'),
('R 50', 'R 50'),
('R Z80A', 'R Z80A'),
('REC.C33/L40', 'REC.C33/L40'),
('REC.C37/L40', 'REC.C37/L40'),
('RF 33', 'RF 33'),
('RR 50', 'RR 50'),
('RSW 70', 'RSW 70'),
('RT 123', 'RT 123'),
('RT 128', 'RT 128'),
('RT 130', 'RT 130'),
('RT 133', 'RT 133'),
('RT 143', 'RT 143'),
('RT 201', 'RT 201'),
('RT 204', 'RT 204'),
('RT 205', 'RT 205'),
('RT 206', 'RT 206'),
('RT 273', 'RT 273'),
('RT 288', 'RT 288'),
('RT 61', 'RT 61'),
('RT 62', 'RT 62'),
('RT 623', 'RT 623'),
('RT 626', 'RT 626'),
('RT 64', 'RT 64'),
('RT 65', 'RT 65'),
('RT 67', 'RT 67'),
('RT 69', 'RT 69'),
('RT 693', 'RT 693'),
('RW 01', 'RW 01'),
('RX 15', 'RX 15'),
('RX 30', 'RX 30'),
('RX 75', 'RX 75'),
('S 25', 'S 25'),
('S 70', 'S 70'),
('S 71', 'S 71'),
('S 76', 'S 76'),
('S 771', 'S 771'),
('S 79', 'S 79'),
('T 112', 'T 112'),
('T 123', 'T 123'),
('T 126', 'T 126'),
('T 128', 'T 128'),
('T 130', 'T 130'),
('T 133', 'T 133'),
('T 143', 'T 143'),
('T 162', 'T 162'),
('T 201', 'T 201'),
('T 204', 'T 204'),
('T 205', 'T 205'),
('T 206', 'T 206'),
('T 212 R', 'T 212 R'),
('T 212 V', 'T 212 V'),
('T 212 Y', 'T 212 Y'),
('T 273', 'T 273'),
('T 275', 'T 275'),
('T 288', 'T 288'),
('T 406', 'T 406'),
('T 61', 'T 61'),
('T 62', 'T 62'),
('T 623', 'T 623'),
('T 626', 'T 626'),
('T 631', 'T 631'),
('T 64', 'T 64'),
('T 65', 'T 65'),
('T 66', 'T 66'),
('T 662', 'T 662'),
('T 663', 'T 663'),
('T 665', 'T 665'),
('T 667', 'T 667'),
('T 67', 'T 67'),
('T 69', 'T 69'),
('T 693', 'T 693'),
('T 90', 'T 90'),
('T 902', 'T 902'),
('TESTING', 'TESTING 1'),
('V 01', 'V 01'),
('W O1', 'W O1'),
('W O3', 'W O3'),
('X 10', 'X 10'),
('X 15', 'X 15'),
('X 20', 'X 20'),
('X 25', 'X 25'),
('X 30', 'X 30'),
('X 36', 'X 36'),
('X 40', 'X 40'),
('X 45', 'X 45'),
('X 47', 'X 47'),
('X 50', 'X 50'),
('X 70', 'X 70'),
('X 75', 'X 75'),
('Y 640', 'Y 640'),
('Y 730', 'Y 730'),
('Y 820', 'Y 820'),
('Y 910', 'Y 910'),
('Z 80', 'Z 80'),
('Z 80 A', 'Z 80 A'),
('Z 81', 'Z 81');

-- --------------------------------------------------------

--
-- Table structure for table `labor_master_report_test`
--

CREATE TABLE `labor_master_report_test` (
  `idreport` int(11) NOT NULL AUTO_INCREMENT,
  `idmachine` int(11) NOT NULL,
  `name_report` varchar(305) CHARACTER SET utf8 DEFAULT NULL,
  `orderindex` int(11) DEFAULT NULL,
  `is_graph_report` enum('YES','NO') NOT NULL DEFAULT 'NO',
  PRIMARY KEY (`idreport`)
) ENGINE=InnoDB  DEFAULT CHARSET=latin1 AUTO_INCREMENT=51 ;

--
-- Dumping data for table `labor_master_report_test`
--

INSERT INTO `labor_master_report_test` (`idreport`, `idmachine`, `name_report`, `orderindex`, `is_graph_report`) VALUES
(1, 1, 'Report Rheometer Test at 195°C', 2, 'YES'),
(2, 1, 'Report Rheometer Test at 165°C ', 3, 'YES'),
(3, 1, 'Report Rheometer Test at 145°C', 4, 'YES'),
(4, 1, 'Report Rheometer Test at ……..°C', 5, 'YES'),
(5, 2, 'Report RPA (Visco 130)', 7, 'YES'),
(6, 2, 'Report RPA (MW 90)', 8, 'YES'),
(7, 2, 'Report RPA (Payne Effect)', 9, 'YES'),
(8, 3, 'Report DENSITY', 11, 'YES'),
(9, 4, 'Report  Scorchtime', 13, 'YES'),
(10, 4, ' ReportViscosity ', 14, 'YES'),
(11, 5, 'Report  Fresh', 15, 'YES'),
(12, 5, 'Report  Aging', 16, 'YES'),
(13, 5, 'Report  HT', 17, 'YES'),
(14, 6, 'Report  Dispergrader Test', 19, 'YES'),
(15, 7, 'Report  Tearing Strenght', 21, 'YES'),
(16, 0, 'Report RUBBEREIZED', 23, 'YES'),
(17, 9, 'Report Tackiness', 25, 'YES'),
(18, 10, 'Report Poison Ratio', 27, 'YES'),
(19, 11, 'Report HEAT BUILT UP', 29, 'YES'),
(20, 11, 'Report  COMPRESSION Tand ㎴', 30, 'YES'),
(21, 11, 'Report  Eplexor tan ㎴ (Temp. sweep)', 31, 'YES'),
(22, 11, 'Report  Eplexor Relaxation', 32, 'YES'),
(23, 12, 'Report Blow-Out (Flexometer)', 34, 'YES'),
(24, 13, 'Report Blow-Point (BPA)', 36, 'YES'),
(25, 14, 'Report  Rheolograph Temp (-60)', 38, 'YES'),
(26, 14, 'Report  Rheolograph Temp (-45)', 39, 'YES'),
(27, 14, 'Report  Rheolograph Temp (-35)', 40, 'YES'),
(28, 14, 'Report  Rheolograph Temp (-25)', 41, 'YES'),
(29, 14, 'Report  Rheolograph Strain sweep', 42, 'YES'),
(30, 15, 'Report  Flex Crack Test', 44, 'YES'),
(31, 16, 'Report  Cut Growth Test', 46, 'YES'),
(32, 17, 'Report  Friction (㎼) Test DRY 30(', 48, 'YES'),
(33, 17, 'Report  Friction (㎼) Test WET 25(', 49, 'YES'),
(34, 17, 'Report  Friction (㎼) Test WET 40(', 50, 'YES'),
(35, 17, 'Report  Friction (㎼) Test WET 50(', 51, 'YES'),
(36, 18, 'Report  Fatigue test', 53, 'YES'),
(37, 19, 'Report  Micrscope Test', 55, 'YES'),
(38, 20, 'Report  Lambourn Abrassion', 57, 'YES'),
(39, 21, 'Report  LAT 100', 59, 'YES'),
(40, 22, 'POLYESTER', NULL, 'YES'),
(42, 22, 'RUBBEREIZED TYRE CORD', NULL, 'YES'),
(43, 8, 'Report Adhesion', NULL, 'YES'),
(44, 22, 'CORD STRENGHT ', NULL, 'YES'),
(45, 22, 'SIR', NULL, 'YES'),
(46, 22, 'RUBBEREIZED STEEL CORD', NULL, 'YES'),
(47, 22, 'BEAD WIRE', NULL, 'YES'),
(48, 22, 'STEEL CORD', NULL, 'YES'),
(49, 22, 'NYLON', NULL, 'YES'),
(50, 0, '', NULL, 'YES');

-- --------------------------------------------------------

--
-- Table structure for table `labor_report_mesin_user`
--

CREATE TABLE `labor_report_mesin_user` (
  `userid` varchar(50) NOT NULL,
  `idreport` int(11) NOT NULL,
  `timestamp` timestamp NOT NULL DEFAULT CURRENT_TIMESTAMP ON UPDATE CURRENT_TIMESTAMP,
  PRIMARY KEY (`userid`,`idreport`),
  KEY `userid` (`userid`,`idreport`)
) ENGINE=InnoDB DEFAULT CHARSET=latin1;

--
-- Dumping data for table `labor_report_mesin_user`
--

INSERT INTO `labor_report_mesin_user` (`userid`, `idreport`, `timestamp`) VALUES
('admin', 1, '2014-12-03 00:54:25'),
('admin', 2, '2014-12-03 00:54:25'),
('admin', 3, '2014-12-03 00:54:25'),
('admin', 4, '2014-12-03 00:54:25'),
('admin', 5, '2014-12-03 00:54:25'),
('admin', 6, '2014-12-03 00:54:25'),
('admin', 7, '2014-12-03 00:54:25'),
('admin', 8, '2014-12-03 00:54:25'),
('admin', 9, '2014-12-03 00:54:25'),
('admin', 10, '2014-12-03 00:54:25'),
('admin', 11, '2014-12-03 00:54:25'),
('admin', 12, '2014-12-03 00:54:25'),
('admin', 13, '2014-12-03 00:54:25'),
('admin', 14, '2014-12-03 00:54:25'),
('admin', 15, '2014-12-03 00:54:25'),
('admin', 16, '2014-12-03 00:54:25'),
('admin', 17, '2014-12-03 00:54:25'),
('admin', 18, '2014-12-03 00:54:25'),
('admin', 19, '2014-12-03 00:54:25'),
('admin', 20, '2014-12-03 00:54:25'),
('admin', 21, '2014-12-03 00:54:25'),
('admin', 22, '2014-12-03 00:54:25'),
('admin', 23, '2014-12-03 00:54:25'),
('admin', 24, '2014-12-03 00:54:25'),
('admin', 25, '2014-12-03 00:54:25'),
('admin', 26, '2014-12-03 00:54:25'),
('admin', 27, '2014-12-03 00:54:25'),
('admin', 28, '2014-12-03 00:54:25'),
('admin', 29, '2014-12-03 00:54:25'),
('admin', 30, '2014-12-03 00:54:25'),
('admin', 31, '2014-12-03 00:54:25'),
('admin', 32, '2014-12-03 00:54:25'),
('admin', 33, '2014-12-03 00:54:25'),
('admin', 34, '2014-12-03 00:54:25'),
('admin', 35, '2014-12-03 00:54:25'),
('admin', 36, '2014-12-03 00:54:25'),
('admin', 37, '2014-12-03 00:54:25'),
('admin', 38, '2014-12-03 00:54:25'),
('admin', 39, '2014-12-03 00:54:25'),
('admin', 40, '2014-12-03 00:54:25'),
('admin', 42, '2014-12-03 00:54:25'),
('admin', 43, '2014-12-03 00:54:25'),
('toyo', 1, '2014-11-21 04:25:03'),
('toyo', 4, '2014-11-21 04:25:03'),
('toyo', 42, '2014-11-21 04:25:03');

-- --------------------------------------------------------

--
-- Table structure for table `labor_result_value_test`
--

CREATE TABLE `labor_result_value_test` (
  `id_result` int(11) NOT NULL AUTO_INCREMENT,
  `idformulir` int(11) DEFAULT NULL,
  `idmachinereport` int(11) DEFAULT NULL,
  `namfields` varchar(50) DEFAULT NULL,
  `mode` varchar(10) NOT NULL,
  `idcompound` varchar(50) NOT NULL,
  `value` varchar(20) DEFAULT NULL,
  `lock_row` varchar(10) NOT NULL,
  `datetrx` datetime NOT NULL,
  `create_user` varchar(45) DEFAULT NULL,
  `create_date` datetime DEFAULT NULL,
  `update_user` varchar(45) DEFAULT NULL,
  `update_date` timestamp NULL DEFAULT CURRENT_TIMESTAMP,
  PRIMARY KEY (`id_result`),
  KEY `idtrx` (`idformulir`,`idmachinereport`,`namfields`)
) ENGINE=InnoDB  DEFAULT CHARSET=latin1 AUTO_INCREMENT=1202 ;

--
-- Dumping data for table `labor_result_value_test`
--

INSERT INTO `labor_result_value_test` (`id_result`, `idformulir`, `idmachinereport`, `namfields`, `mode`, `idcompound`, `value`, `lock_row`, `datetrx`, `create_user`, `create_date`, `update_user`, `update_date`) VALUES
(11, 25, 2, 'DATE_TIME', 'B', 'REC.C33/L40', 'Fri Oct 10 2014 00:0', '1', '2014-10-10 08:25:53', NULL, NULL, NULL, '2014-10-10 06:25:53'),
(12, 25, 2, 'TEST_TIME', 'B', 'REC.C33/L40', '1', '1', '2014-10-10 08:25:53', NULL, NULL, NULL, '2014-10-10 06:25:53'),
(13, 25, 2, 'TEST_TEMP', 'B', 'REC.C33/L40', '1', '1', '2014-10-10 08:25:53', NULL, NULL, NULL, '2014-10-10 06:25:53'),
(14, 25, 2, 'MH', 'B', 'REC.C33/L40', '1', '1', '2014-10-10 08:25:53', NULL, NULL, NULL, '2014-10-10 06:25:53'),
(15, 25, 2, 'ML', 'B', 'REC.C33/L40', '1', '1', '2014-10-10 08:25:53', NULL, NULL, NULL, '2014-10-10 06:25:53'),
(16, 25, 2, 'TC10', 'B', 'REC.C33/L40', '', '1', '2014-10-10 08:25:53', NULL, NULL, NULL, '2014-10-10 06:25:53'),
(17, 25, 2, 'TC50', 'B', 'REC.C33/L40', '', '1', '2014-10-10 08:25:53', NULL, NULL, NULL, '2014-10-10 06:25:53'),
(18, 25, 2, 'TC90', 'B', 'REC.C33/L40', '', '1', '2014-10-10 08:25:53', NULL, NULL, NULL, '2014-10-10 06:25:53'),
(19, 25, 2, 'TC100', 'B', 'REC.C33/L40', '', '1', '2014-10-10 08:25:53', NULL, NULL, NULL, '2014-10-10 06:25:53'),
(20, 25, 2, 'TS1', 'B', 'REC.C33/L40', '', '1', '2014-10-10 08:25:53', NULL, NULL, NULL, '2014-10-10 06:25:53'),
(21, 25, 2, 'TS2', 'B', 'REC.C33/L40', '', '1', '2014-10-10 08:25:53', NULL, NULL, NULL, '2014-10-10 06:25:53'),
(22, 25, 2, 'STATUS', 'B', 'REC.C33/L40', '', '1', '2014-10-10 08:25:53', NULL, NULL, NULL, '2014-10-10 06:25:53'),
(23, 25, 2, 'DATE_TIME', 'B1', 'REC.C33/L40', 'Wed Oct 15 2014 00:0', '0', '2014-10-10 08:25:53', NULL, NULL, NULL, '2014-10-10 06:25:53'),
(24, 25, 2, 'TEST_TIME', 'B1', 'REC.C33/L40', '3', '0', '2014-10-10 08:25:53', NULL, NULL, NULL, '2014-10-10 06:25:53'),
(25, 25, 2, 'TEST_TEMP', 'B1', 'REC.C33/L40', '2', '0', '2014-10-10 08:25:53', NULL, NULL, NULL, '2014-10-10 06:25:53'),
(26, 25, 2, 'MH', 'B1', 'REC.C33/L40', '2', '0', '2014-10-10 08:25:53', NULL, NULL, NULL, '2014-10-10 06:25:53'),
(27, 25, 2, 'ML', 'B1', 'REC.C33/L40', '2', '0', '2014-10-10 08:25:53', NULL, NULL, NULL, '2014-10-10 06:25:53'),
(28, 25, 2, 'TC10', 'B1', 'REC.C33/L40', '', '0', '2014-10-10 08:25:53', NULL, NULL, NULL, '2014-10-10 06:25:53'),
(29, 25, 2, 'TC50', 'B1', 'REC.C33/L40', '', '0', '2014-10-10 08:25:53', NULL, NULL, NULL, '2014-10-10 06:25:53'),
(30, 25, 2, 'TC90', 'B1', 'REC.C33/L40', '', '0', '2014-10-10 08:25:53', NULL, NULL, NULL, '2014-10-10 06:25:53'),
(31, 25, 2, 'TC100', 'B1', 'REC.C33/L40', '', '0', '2014-10-10 08:25:53', NULL, NULL, NULL, '2014-10-10 06:25:53'),
(32, 25, 2, 'TS1', 'B1', 'REC.C33/L40', '', '0', '2014-10-10 08:25:53', NULL, NULL, NULL, '2014-10-10 06:25:53'),
(33, 25, 2, 'TS2', 'B1', 'REC.C33/L40', '', '0', '2014-10-10 08:25:53', NULL, NULL, NULL, '2014-10-10 06:25:53'),
(34, 25, 2, 'STATUS', 'B1', 'REC.C33/L40', '', '0', '2014-10-10 08:25:53', NULL, NULL, NULL, '2014-10-10 06:25:53'),
(59, 25, 12, 'h_a', 'B', 'REC.C33/L40', '10', '1', '2014-10-13 05:46:53', NULL, NULL, NULL, '2014-10-13 03:46:53'),
(60, 25, 12, 'm100mpa', 'B', 'REC.C33/L40', '20', '1', '2014-10-13 05:46:53', NULL, NULL, NULL, '2014-10-13 03:46:53'),
(61, 25, 12, 'm300mpa', 'B', 'REC.C33/L40', '30', '1', '2014-10-13 05:46:53', NULL, NULL, NULL, '2014-10-13 03:46:53'),
(62, 25, 12, 'tma', 'B', 'REC.C33/L40', '120', '1', '2014-10-13 05:46:53', NULL, NULL, NULL, '2014-10-13 03:46:53'),
(63, 25, 12, 'ea', 'B', 'REC.C33/L40', '90', '1', '2014-10-13 05:46:53', NULL, NULL, NULL, '2014-10-13 03:46:53'),
(64, 25, 12, 'h_a', 'C', 'REC.C33/L40', '120', '0', '2014-10-13 05:46:53', NULL, NULL, NULL, '2014-10-13 03:46:53'),
(65, 25, 12, 'm100mpa', 'C', 'REC.C33/L40', '92', '0', '2014-10-13 05:46:53', NULL, NULL, NULL, '2014-10-13 03:46:53'),
(66, 25, 12, 'm300mpa', 'C', 'REC.C33/L40', '90', '0', '2014-10-13 05:46:53', NULL, NULL, NULL, '2014-10-13 03:46:53'),
(67, 25, 12, 'tma', 'C', 'REC.C33/L40', '10', '0', '2014-10-13 05:46:53', NULL, NULL, NULL, '2014-10-13 03:46:53'),
(68, 25, 12, 'ea', 'C', 'REC.C33/L40', '90', '0', '2014-10-13 05:46:53', NULL, NULL, NULL, '2014-10-13 03:46:53'),
(69, 25, 1, 'MH', 'B', 'REC.C33/L40', '2', '1', '2014-10-16 11:17:20', NULL, NULL, NULL, '2014-10-16 09:17:20'),
(70, 25, 1, 'ML', 'B', 'REC.C33/L40', '3', '1', '2014-10-16 11:17:20', NULL, NULL, NULL, '2014-10-16 09:17:20'),
(71, 25, 1, 'tc10', 'B', 'REC.C33/L40', '4', '1', '2014-10-16 11:17:20', NULL, NULL, NULL, '2014-10-16 09:17:20'),
(72, 25, 1, 'tc50', 'B', 'REC.C33/L40', '5', '1', '2014-10-16 11:17:20', NULL, NULL, NULL, '2014-10-16 09:17:20'),
(73, 25, 1, 'tc90', 'B', 'REC.C33/L40', '6', '1', '2014-10-16 11:17:20', NULL, NULL, NULL, '2014-10-16 09:17:20'),
(74, 25, 1, 'TestPB0', 'B', 'REC.C33/L40', '9', '1', '2014-10-16 11:17:20', NULL, NULL, NULL, '2014-10-16 09:17:20'),
(75, 25, 1, 'MH', 'C', 'REC.C33/L40', '', '0', '2014-10-16 11:17:20', NULL, NULL, NULL, '2014-10-16 09:17:20'),
(76, 25, 1, 'ML', 'C', 'REC.C33/L40', '5', '0', '2014-10-16 11:17:20', NULL, NULL, NULL, '2014-10-16 09:17:20'),
(77, 25, 1, 'tc10', 'C', 'REC.C33/L40', '3', '0', '2014-10-16 11:17:20', NULL, NULL, NULL, '2014-10-16 09:17:20'),
(78, 25, 1, 'tc50', 'C', 'REC.C33/L40', '2', '0', '2014-10-16 11:17:20', NULL, NULL, NULL, '2014-10-16 09:17:20'),
(79, 25, 1, 'tc90', 'C', 'REC.C33/L40', '3', '0', '2014-10-16 11:17:20', NULL, NULL, NULL, '2014-10-16 09:17:20'),
(80, 25, 1, 'TestPB0', 'C', 'REC.C33/L40', '8', '0', '2014-10-16 11:17:20', NULL, NULL, NULL, '2014-10-16 09:17:20'),
(357, 25, 3, 'DATE_TIME', 'B', 'REC.C33/L40', 'Wed Oct 08 2014 00:0', '1', '2014-11-04 08:03:45', NULL, NULL, NULL, '2014-11-04 07:03:45'),
(358, 25, 3, 'TEST_TIME', 'B', 'REC.C33/L40', '9', '1', '2014-11-04 08:03:45', NULL, NULL, NULL, '2014-11-04 07:03:45'),
(359, 25, 3, 'TEST_TEMP', 'B', 'REC.C33/L40', '9', '1', '2014-11-04 08:03:45', NULL, NULL, NULL, '2014-11-04 07:03:45'),
(360, 25, 3, 'MH', 'B', 'REC.C33/L40', '50', '1', '2014-11-04 08:03:45', NULL, NULL, NULL, '2014-11-04 07:03:45'),
(361, 25, 3, 'ML', 'B', 'REC.C33/L40', '20', '1', '2014-11-04 08:03:45', NULL, NULL, NULL, '2014-11-04 07:03:45'),
(362, 25, 3, 'TC10', 'B', 'REC.C33/L40', '90', '1', '2014-11-04 08:03:45', NULL, NULL, NULL, '2014-11-04 07:03:45'),
(363, 25, 3, 'TC50', 'B', 'REC.C33/L40', 'A', '1', '2014-11-04 08:03:45', NULL, NULL, NULL, '2014-11-04 07:03:45'),
(364, 25, 3, 'TC90', 'B', 'REC.C33/L40', '9', '1', '2014-11-04 08:03:45', NULL, NULL, NULL, '2014-11-04 07:03:45'),
(365, 25, 3, 'TC100', 'B', 'REC.C33/L40', '9', '1', '2014-11-04 08:03:45', NULL, NULL, NULL, '2014-11-04 07:03:45'),
(366, 25, 3, 'TS1', 'B', 'REC.C33/L40', '9', '1', '2014-11-04 08:03:45', NULL, NULL, NULL, '2014-11-04 07:03:45'),
(367, 25, 3, 'TS2', 'B', 'REC.C33/L40', '9', '1', '2014-11-04 08:03:45', NULL, NULL, NULL, '2014-11-04 07:03:45'),
(368, 25, 3, 'STATUS', 'B', 'REC.C33/L40', '99', '1', '2014-11-04 08:03:45', NULL, NULL, NULL, '2014-11-04 07:03:45'),
(369, 25, 3, 'DATE_TIME', 'B1', 'REC.C33/L40', 'Fri Oct 10 2014 00:0', '0', '2014-11-04 08:03:45', NULL, NULL, NULL, '2014-11-04 07:03:45'),
(370, 25, 3, 'TEST_TIME', 'B1', 'REC.C33/L40', '19', '0', '2014-11-04 08:03:45', NULL, NULL, NULL, '2014-11-04 07:03:45'),
(371, 25, 3, 'TEST_TEMP', 'B1', 'REC.C33/L40', '19', '0', '2014-11-04 08:03:45', NULL, NULL, NULL, '2014-11-04 07:03:45'),
(372, 25, 3, 'MH', 'B1', 'REC.C33/L40', '50', '0', '2014-11-04 08:03:45', NULL, NULL, NULL, '2014-11-04 07:03:45'),
(373, 25, 3, 'ML', 'B1', 'REC.C33/L40', '120', '0', '2014-11-04 08:03:45', NULL, NULL, NULL, '2014-11-04 07:03:45'),
(374, 25, 3, 'TC10', 'B1', 'REC.C33/L40', '80', '0', '2014-11-04 08:03:45', NULL, NULL, NULL, '2014-11-04 07:03:45'),
(375, 25, 3, 'TC50', 'B1', 'REC.C33/L40', 'B', '0', '2014-11-04 08:03:45', NULL, NULL, NULL, '2014-11-04 07:03:45'),
(376, 25, 3, 'TC90', 'B1', 'REC.C33/L40', '8', '0', '2014-11-04 08:03:45', NULL, NULL, NULL, '2014-11-04 07:03:45'),
(377, 25, 3, 'TC100', 'B1', 'REC.C33/L40', '8', '0', '2014-11-04 08:03:45', NULL, NULL, NULL, '2014-11-04 07:03:45'),
(378, 25, 3, 'TS1', 'B1', 'REC.C33/L40', '8', '0', '2014-11-04 08:03:45', NULL, NULL, NULL, '2014-11-04 07:03:45'),
(379, 25, 3, 'TS2', 'B1', 'REC.C33/L40', '8', '0', '2014-11-04 08:03:45', NULL, NULL, NULL, '2014-11-04 07:03:45'),
(380, 25, 3, 'STATUS', 'B1', 'REC.C33/L40', '88', '0', '2014-11-04 08:03:45', NULL, NULL, NULL, '2014-11-04 07:03:45'),
(381, 25, 3, 'DATE_TIME', 'B4', 'REC.C33/L40', 'Wed Nov 12 2014 00:0', '0', '2014-11-04 08:03:45', NULL, NULL, NULL, '2014-11-04 07:03:45'),
(382, 25, 3, 'TEST_TIME', 'B4', 'REC.C33/L40', '29', '0', '2014-11-04 08:03:45', NULL, NULL, NULL, '2014-11-04 07:03:45'),
(383, 25, 3, 'TEST_TEMP', 'B4', 'REC.C33/L40', '89', '0', '2014-11-04 08:03:45', NULL, NULL, NULL, '2014-11-04 07:03:45'),
(384, 25, 3, 'MH', 'B4', 'REC.C33/L40', '90', '0', '2014-11-04 08:03:45', NULL, NULL, NULL, '2014-11-04 07:03:45'),
(385, 25, 3, 'ML', 'B4', 'REC.C33/L40', '89', '0', '2014-11-04 08:03:45', NULL, NULL, NULL, '2014-11-04 07:03:45'),
(386, 25, 3, 'TC10', 'B4', 'REC.C33/L40', '980', '0', '2014-11-04 08:03:45', NULL, NULL, NULL, '2014-11-04 07:03:45'),
(387, 25, 3, 'TC50', 'B4', 'REC.C33/L40', 'C', '0', '2014-11-04 08:03:45', NULL, NULL, NULL, '2014-11-04 07:03:45'),
(388, 25, 3, 'TC90', 'B4', 'REC.C33/L40', '89', '0', '2014-11-04 08:03:45', NULL, NULL, NULL, '2014-11-04 07:03:45'),
(389, 25, 3, 'TC100', 'B4', 'REC.C33/L40', '', '0', '2014-11-04 08:03:45', NULL, NULL, NULL, '2014-11-04 07:03:45'),
(390, 25, 3, 'TS1', 'B4', 'REC.C33/L40', '', '0', '2014-11-04 08:03:45', NULL, NULL, NULL, '2014-11-04 07:03:45'),
(391, 25, 3, 'TS2', 'B4', 'REC.C33/L40', '', '0', '2014-11-04 08:03:45', NULL, NULL, NULL, '2014-11-04 07:03:45'),
(392, 25, 3, 'STATUS', 'B4', 'REC.C33/L40', '', '0', '2014-11-04 08:03:45', NULL, NULL, NULL, '2014-11-04 07:03:45'),
(393, 25, 3, 'DATE_TIME', 'CC', 'REC.C33/L40', '', '0', '2014-11-04 08:03:45', NULL, NULL, NULL, '2014-11-04 07:03:45'),
(394, 25, 3, 'TEST_TIME', 'CC', 'REC.C33/L40', '', '0', '2014-11-04 08:03:45', NULL, NULL, NULL, '2014-11-04 07:03:45'),
(395, 25, 3, 'TEST_TEMP', 'CC', 'REC.C33/L40', '', '0', '2014-11-04 08:03:45', NULL, NULL, NULL, '2014-11-04 07:03:45'),
(396, 25, 3, 'MH', 'CC', 'REC.C33/L40', '90', '0', '2014-11-04 08:03:45', NULL, NULL, NULL, '2014-11-04 07:03:45'),
(397, 25, 3, 'ML', 'CC', 'REC.C33/L40', '109', '0', '2014-11-04 08:03:45', NULL, NULL, NULL, '2014-11-04 07:03:45'),
(398, 25, 3, 'TC10', 'CC', 'REC.C33/L40', '80', '0', '2014-11-04 08:03:45', NULL, NULL, NULL, '2014-11-04 07:03:45'),
(399, 25, 3, 'TC50', 'CC', 'REC.C33/L40', 'D', '0', '2014-11-04 08:03:45', NULL, NULL, NULL, '2014-11-04 07:03:45'),
(400, 25, 3, 'TC90', 'CC', 'REC.C33/L40', '', '0', '2014-11-04 08:03:45', NULL, NULL, NULL, '2014-11-04 07:03:45'),
(401, 25, 3, 'TC100', 'CC', 'REC.C33/L40', '', '0', '2014-11-04 08:03:45', NULL, NULL, NULL, '2014-11-04 07:03:45'),
(402, 25, 3, 'TS1', 'CC', 'REC.C33/L40', '', '0', '2014-11-04 08:03:45', NULL, NULL, NULL, '2014-11-04 07:03:45'),
(403, 25, 3, 'TS2', 'CC', 'REC.C33/L40', '', '0', '2014-11-04 08:03:45', NULL, NULL, NULL, '2014-11-04 07:03:45'),
(404, 25, 3, 'STATUS', 'CC', 'REC.C33/L40', '', '0', '2014-11-04 08:03:45', NULL, NULL, NULL, '2014-11-04 07:03:45'),
(405, 25, 3, 'DATE_TIME', 'XX', 'REC.C33/L40', '', '0', '2014-11-04 08:03:45', NULL, NULL, NULL, '2014-11-04 07:03:45'),
(406, 25, 3, 'TEST_TIME', 'XX', 'REC.C33/L40', '', '0', '2014-11-04 08:03:45', NULL, NULL, NULL, '2014-11-04 07:03:45'),
(407, 25, 3, 'TEST_TEMP', 'XX', 'REC.C33/L40', '', '0', '2014-11-04 08:03:45', NULL, NULL, NULL, '2014-11-04 07:03:45'),
(408, 25, 3, 'MH', 'XX', 'REC.C33/L40', '120', '0', '2014-11-04 08:03:45', NULL, NULL, NULL, '2014-11-04 07:03:45'),
(409, 25, 3, 'ML', 'XX', 'REC.C33/L40', '79', '0', '2014-11-04 08:03:45', NULL, NULL, NULL, '2014-11-04 07:03:45'),
(410, 25, 3, 'TC10', 'XX', 'REC.C33/L40', '79', '0', '2014-11-04 08:03:45', NULL, NULL, NULL, '2014-11-04 07:03:45'),
(411, 25, 3, 'TC50', 'XX', 'REC.C33/L40', 'E', '0', '2014-11-04 08:03:45', NULL, NULL, NULL, '2014-11-04 07:03:45'),
(412, 25, 3, 'TC90', 'XX', 'REC.C33/L40', '', '0', '2014-11-04 08:03:45', NULL, NULL, NULL, '2014-11-04 07:03:45'),
(413, 25, 3, 'TC100', 'XX', 'REC.C33/L40', '', '0', '2014-11-04 08:03:45', NULL, NULL, NULL, '2014-11-04 07:03:45'),
(414, 25, 3, 'TS1', 'XX', 'REC.C33/L40', '', '0', '2014-11-04 08:03:45', NULL, NULL, NULL, '2014-11-04 07:03:45'),
(415, 25, 3, 'TS2', 'XX', 'REC.C33/L40', '', '0', '2014-11-04 08:03:45', NULL, NULL, NULL, '2014-11-04 07:03:45'),
(416, 25, 3, 'STATUS', 'XX', 'REC.C33/L40', '', '0', '2014-11-04 08:03:45', NULL, NULL, NULL, '2014-11-04 07:03:45'),
(480, 22, 1, 'DATE_TIME', 'xxx', 'C 32', '1-Oct', '0', '2014-11-05 00:00:00', NULL, NULL, NULL, '2014-11-05 03:16:06'),
(481, 22, 1, 'TEST_TIME', 'xxx', 'C 32', '2', '0', '2014-11-05 00:00:00', NULL, NULL, NULL, '2014-11-05 03:16:06'),
(482, 22, 1, 'TEST_TEMP', 'xxx', 'C 32', '4', '0', '2014-11-05 00:00:00', NULL, NULL, NULL, '2014-11-05 03:16:06'),
(483, 22, 1, 'MH', 'xxx', 'C 32', '4', '0', '2014-11-05 00:00:00', NULL, NULL, NULL, '2014-11-05 03:16:06'),
(484, 22, 1, 'ML', 'xxx', 'C 32', '5', '0', '2014-11-05 00:00:00', NULL, NULL, NULL, '2014-11-05 03:16:06'),
(485, 22, 1, 'TC10', 'xxx', 'C 32', '4', '0', '2014-11-05 00:00:00', NULL, NULL, NULL, '2014-11-05 03:16:06'),
(486, 22, 1, 'TC50', 'xxx', 'C 32', '5', '0', '2014-11-05 00:00:00', NULL, NULL, NULL, '2014-11-05 03:16:06'),
(487, 22, 1, 'TC90', 'xxx', 'C 32', '5', '0', '2014-11-05 00:00:00', NULL, NULL, NULL, '2014-11-05 03:16:06'),
(488, 22, 1, 'TC100', 'xxx', 'C 32', '6', '0', '2014-11-05 00:00:00', NULL, NULL, NULL, '2014-11-05 03:16:06'),
(489, 22, 1, 'TS1', 'xxx', 'C 32', '5', '0', '2014-11-05 00:00:00', NULL, NULL, NULL, '2014-11-05 03:16:06'),
(490, 22, 1, 'TS2', 'xxx', 'C 32', '4', '0', '2014-11-05 00:00:00', NULL, NULL, NULL, '2014-11-05 03:16:06'),
(491, 22, 1, 'STATUS', 'xxx', 'C 32', 'OK', '0', '2014-11-05 00:00:00', NULL, NULL, NULL, '2014-11-05 03:16:06'),
(492, 22, 1, 'DATE_TIME', 'xxx', 'C 32', '5', '0', '2014-11-05 00:00:00', NULL, NULL, NULL, '2014-11-05 03:16:06'),
(493, 22, 1, 'TEST_TIME', 'xxx', 'C 32', '5', '0', '2014-11-05 00:00:00', NULL, NULL, NULL, '2014-11-05 03:16:06'),
(494, 22, 1, 'TEST_TEMP', 'xxx', 'C 32', '6', '0', '2014-11-05 00:00:00', NULL, NULL, NULL, '2014-11-05 03:16:06'),
(495, 22, 1, 'MH', 'xxx', 'C 32', '67', '0', '2014-11-05 00:00:00', NULL, NULL, NULL, '2014-11-05 03:16:06'),
(496, 22, 1, 'ML', 'xxx', 'C 32', '5', '0', '2014-11-05 00:00:00', NULL, NULL, NULL, '2014-11-05 03:16:06'),
(497, 22, 1, 'TC10', 'xxx', 'C 32', '7', '0', '2014-11-05 00:00:00', NULL, NULL, NULL, '2014-11-05 03:16:06'),
(498, 22, 1, 'TC50', 'xxx', 'C 32', '7', '0', '2014-11-05 00:00:00', NULL, NULL, NULL, '2014-11-05 03:16:06'),
(499, 22, 1, 'TC90', 'xxx', 'C 32', '5', '0', '2014-11-05 00:00:00', NULL, NULL, NULL, '2014-11-05 03:16:06'),
(500, 22, 1, 'TC100', 'xxx', 'C 32', '6', '0', '2014-11-05 00:00:00', NULL, NULL, NULL, '2014-11-05 03:16:06'),
(501, 22, 1, 'TS1', 'xxx', 'C 32', '7', '0', '2014-11-05 00:00:00', NULL, NULL, NULL, '2014-11-05 03:16:06'),
(502, 22, 1, 'TS2', 'xxx', 'C 32', '5', '0', '2014-11-05 00:00:00', NULL, NULL, NULL, '2014-11-05 03:16:06'),
(503, 22, 1, 'STATUS', 'xxx', 'C 32', 'NO', '0', '2014-11-05 00:00:00', NULL, NULL, NULL, '2014-11-05 03:16:06'),
(528, 22, 4, 'DATE_TIME', 'xxx', 'C 32', '1-Oct', '0', '2014-11-05 00:00:00', NULL, NULL, NULL, '2014-11-05 03:24:37'),
(529, 22, 4, 'TEST_TIME', 'xxx', 'C 32', '2', '0', '2014-11-05 00:00:00', NULL, NULL, NULL, '2014-11-05 03:24:37'),
(530, 22, 4, 'TEST_TEMP', 'xxx', 'C 32', '4', '0', '2014-11-05 00:00:00', NULL, NULL, NULL, '2014-11-05 03:24:37'),
(531, 22, 4, 'MH', 'xxx', 'C 32', '4', '0', '2014-11-05 00:00:00', NULL, NULL, NULL, '2014-11-05 03:24:37'),
(532, 22, 4, 'ML', 'xxx', 'C 32', '5', '0', '2014-11-05 00:00:00', NULL, NULL, NULL, '2014-11-05 03:24:37'),
(533, 22, 4, 'TC10', 'xxx', 'C 32', '4', '0', '2014-11-05 00:00:00', NULL, NULL, NULL, '2014-11-05 03:24:37'),
(534, 22, 4, 'TC50', 'xxx', 'C 32', '5', '0', '2014-11-05 00:00:00', NULL, NULL, NULL, '2014-11-05 03:24:37'),
(535, 22, 4, 'TC90', 'xxx', 'C 32', '5', '0', '2014-11-05 00:00:00', NULL, NULL, NULL, '2014-11-05 03:24:37'),
(536, 22, 4, 'TC100', 'xxx', 'C 32', '6', '0', '2014-11-05 00:00:00', NULL, NULL, NULL, '2014-11-05 03:24:37'),
(537, 22, 4, 'TS1', 'xxx', 'C 32', '5', '0', '2014-11-05 00:00:00', NULL, NULL, NULL, '2014-11-05 03:24:37'),
(538, 22, 4, 'TS2', 'xxx', 'C 32', '4', '0', '2014-11-05 00:00:00', NULL, NULL, NULL, '2014-11-05 03:24:37'),
(539, 22, 4, 'STATUS', 'xxx', 'C 32', 'OK', '0', '2014-11-05 00:00:00', NULL, NULL, NULL, '2014-11-05 03:24:37'),
(540, 22, 4, 'DATE_TIME', 'xxx', 'C 32', '5', '0', '2014-11-05 00:00:00', NULL, NULL, NULL, '2014-11-05 03:24:37'),
(541, 22, 4, 'TEST_TIME', 'xxx', 'C 32', '5', '0', '2014-11-05 00:00:00', NULL, NULL, NULL, '2014-11-05 03:24:37'),
(542, 22, 4, 'TEST_TEMP', 'xxx', 'C 32', '6', '0', '2014-11-05 00:00:00', NULL, NULL, NULL, '2014-11-05 03:24:37'),
(543, 22, 4, 'MH', 'xxx', 'C 32', '67', '0', '2014-11-05 00:00:00', NULL, NULL, NULL, '2014-11-05 03:24:37'),
(544, 22, 4, 'ML', 'xxx', 'C 32', '5', '0', '2014-11-05 00:00:00', NULL, NULL, NULL, '2014-11-05 03:24:37'),
(545, 22, 4, 'TC10', 'xxx', 'C 32', '7', '0', '2014-11-05 00:00:00', NULL, NULL, NULL, '2014-11-05 03:24:37'),
(546, 22, 4, 'TC50', 'xxx', 'C 32', '7', '0', '2014-11-05 00:00:00', NULL, NULL, NULL, '2014-11-05 03:24:37'),
(547, 22, 4, 'TC90', 'xxx', 'C 32', '5', '0', '2014-11-05 00:00:00', NULL, NULL, NULL, '2014-11-05 03:24:37'),
(548, 22, 4, 'TC100', 'xxx', 'C 32', '6', '0', '2014-11-05 00:00:00', NULL, NULL, NULL, '2014-11-05 03:24:37'),
(549, 22, 4, 'TS1', 'xxx', 'C 32', '7', '0', '2014-11-05 00:00:00', NULL, NULL, NULL, '2014-11-05 03:24:37'),
(550, 22, 4, 'TS2', 'xxx', 'C 32', '5', '0', '2014-11-05 00:00:00', NULL, NULL, NULL, '2014-11-05 03:24:37'),
(551, 22, 4, 'STATUS', 'xxx', 'C 32', 'NO', '0', '2014-11-05 00:00:00', NULL, NULL, NULL, '2014-11-05 03:24:37'),
(552, 22, 28, 'No', 'xxx', 'C 32', '0', '1', '2014-11-05 11:30:17', NULL, NULL, NULL, '2014-11-05 10:30:17'),
(553, 22, 28, 'TEMP', 'xxx', 'C 32', '0', '1', '2014-11-05 11:30:17', NULL, NULL, NULL, '2014-11-05 10:30:17'),
(554, 22, 28, 'E_', 'xxx', 'C 32', '0', '1', '2014-11-05 11:30:17', NULL, NULL, NULL, '2014-11-05 10:30:17'),
(555, 22, 28, 'E__', 'xxx', 'C 32', '0', '1', '2014-11-05 11:30:18', NULL, NULL, NULL, '2014-11-05 10:30:18'),
(556, 22, 28, 'E___', 'xxx', 'C 32', '0', '1', '2014-11-05 11:30:18', NULL, NULL, NULL, '2014-11-05 10:30:18'),
(557, 22, 28, 'TAN_', 'xxx', 'C 32', '0', '1', '2014-11-05 11:30:18', NULL, NULL, NULL, '2014-11-05 10:30:18'),
(558, 22, 28, 'Strain_Dy', 'xxx', 'C 32', '0000', '1', '2014-11-05 11:30:18', NULL, NULL, NULL, '2014-11-05 10:30:18'),
(559, 22, 26, 'No', 'xxx', 'C 32', '1', '1', '2014-11-06 07:16:44', NULL, NULL, NULL, '2014-11-06 06:16:44'),
(960, 22, 29, 'E1', 'xxx', 'C 32', '243', '0', '2014-11-06 09:37:17', NULL, NULL, NULL, '2014-11-06 08:37:17'),
(961, 22, 29, 'E2', 'xxx', 'C 32', '22', '0', '2014-11-06 09:37:17', NULL, NULL, NULL, '2014-11-06 08:37:17'),
(962, 22, 29, 'E3', 'xxx', 'C 32', '233', '0', '2014-11-06 09:37:17', NULL, NULL, NULL, '2014-11-06 08:37:17'),
(963, 22, 29, 'TAN1', 'xxx', 'C 32', '21', '0', '2014-11-06 09:37:17', NULL, NULL, NULL, '2014-11-06 08:37:17'),
(964, 22, 29, 'Strain', 'xxx', 'C 32', 'A', '0', '2014-11-06 09:37:17', NULL, NULL, NULL, '2014-11-06 08:37:17'),
(965, 22, 29, 'E1', 'xxx', 'C 32', '23', '0', '2014-11-06 09:37:17', NULL, NULL, NULL, '2014-11-06 08:37:17'),
(966, 22, 29, 'E2', 'xxx', 'C 32', '211', '0', '2014-11-06 09:37:17', NULL, NULL, NULL, '2014-11-06 08:37:17'),
(967, 22, 29, 'E3', 'xxx', 'C 32', '50', '0', '2014-11-06 09:37:17', NULL, NULL, NULL, '2014-11-06 08:37:17'),
(968, 22, 29, 'TAN1', 'xxx', 'C 32', '200', '0', '2014-11-06 09:37:17', NULL, NULL, NULL, '2014-11-06 08:37:17'),
(969, 22, 29, 'Strain', 'xxx', 'C 32', 'B', '0', '2014-11-06 09:37:17', NULL, NULL, NULL, '2014-11-06 08:37:17'),
(970, 22, 29, 'E1', 'xxx', 'C 32', '267', '0', '2014-11-06 09:37:17', NULL, NULL, NULL, '2014-11-06 08:37:17'),
(971, 22, 29, 'E2', 'xxx', 'C 32', '54', '0', '2014-11-06 09:37:17', NULL, NULL, NULL, '2014-11-06 08:37:17'),
(972, 22, 29, 'E3', 'xxx', 'C 32', '254', '0', '2014-11-06 09:37:17', NULL, NULL, NULL, '2014-11-06 08:37:17'),
(973, 22, 29, 'TAN1', 'xxx', 'C 32', '23', '0', '2014-11-06 09:37:17', NULL, NULL, NULL, '2014-11-06 08:37:17'),
(974, 22, 29, 'Strain', 'xxx', 'C 32', 'C', '0', '2014-11-06 09:37:17', NULL, NULL, NULL, '2014-11-06 08:37:17'),
(975, 22, 29, 'E1', 'xxx', 'C 32', '25', '0', '2014-11-06 09:37:17', NULL, NULL, NULL, '2014-11-06 08:37:17'),
(976, 22, 29, 'E2', 'xxx', 'C 32', '234', '0', '2014-11-06 09:37:17', NULL, NULL, NULL, '2014-11-06 08:37:17'),
(977, 22, 29, 'E3', 'xxx', 'C 32', '78', '0', '2014-11-06 09:37:17', NULL, NULL, NULL, '2014-11-06 08:37:17'),
(978, 22, 29, 'TAN1', 'xxx', 'C 32', '223', '0', '2014-11-06 09:37:17', NULL, NULL, NULL, '2014-11-06 08:37:17'),
(979, 22, 29, 'Strain', 'xxx', 'C 32', 'D', '0', '2014-11-06 09:37:17', NULL, NULL, NULL, '2014-11-06 08:37:17'),
(980, 22, 29, 'E1', 'xxx', 'C 32', '286', '0', '2014-11-06 09:37:17', NULL, NULL, NULL, '2014-11-06 08:37:17'),
(981, 22, 29, 'E2', 'xxx', 'C 32', '26', '0', '2014-11-06 09:37:17', NULL, NULL, NULL, '2014-11-06 08:37:17'),
(982, 22, 29, 'E3', 'xxx', 'C 32', '273', '0', '2014-11-06 09:37:17', NULL, NULL, NULL, '2014-11-06 08:37:17'),
(983, 22, 29, 'TAN1', 'xxx', 'C 32', '67', '0', '2014-11-06 09:37:17', NULL, NULL, NULL, '2014-11-06 08:37:17'),
(984, 22, 29, 'Strain', 'xxx', 'C 32', 'E', '0', '2014-11-06 09:37:17', NULL, NULL, NULL, '2014-11-06 08:37:17'),
(1057, 22, 3, 'DATE_TIME', 'xxx', 'C 32', '1-Oct', '0', '2014-11-11 03:10:28', NULL, NULL, NULL, '2014-11-11 02:10:28'),
(1058, 22, 3, 'TEST_TIME', 'xxx', 'C 32', '2', '0', '2014-11-11 03:10:28', NULL, NULL, NULL, '2014-11-11 02:10:28'),
(1059, 22, 3, 'TEST_TEMP', 'xxx', 'C 32', '4', '0', '2014-11-11 03:10:28', NULL, NULL, NULL, '2014-11-11 02:10:28'),
(1060, 22, 3, 'MH', 'xxx', 'C 32', '230', '0', '2014-11-11 03:10:28', NULL, NULL, NULL, '2014-11-11 02:10:28'),
(1061, 22, 3, 'ML', 'xxx', 'C 32', '5', '0', '2014-11-11 03:10:28', NULL, NULL, NULL, '2014-11-11 02:10:28'),
(1062, 22, 3, 'TC10', 'xxx', 'C 32', '4', '0', '2014-11-11 03:10:28', NULL, NULL, NULL, '2014-11-11 02:10:28'),
(1063, 22, 3, 'TC50', 'xxx', 'C 32', '5', '0', '2014-11-11 03:10:28', NULL, NULL, NULL, '2014-11-11 02:10:28'),
(1064, 22, 3, 'TC90', 'xxx', 'C 32', '5', '0', '2014-11-11 03:10:28', NULL, NULL, NULL, '2014-11-11 02:10:28'),
(1065, 22, 3, 'TC100', 'xxx', 'C 32', '6', '0', '2014-11-11 03:10:28', NULL, NULL, NULL, '2014-11-11 02:10:28'),
(1066, 22, 3, 'TS1', 'xxx', 'C 32', '5', '0', '2014-11-11 03:10:28', NULL, NULL, NULL, '2014-11-11 02:10:28'),
(1067, 22, 3, 'TS2', 'xxx', 'C 32', '4', '0', '2014-11-11 03:10:28', NULL, NULL, NULL, '2014-11-11 02:10:28'),
(1068, 22, 3, 'STATUS', 'xxx', 'C 32', 'OK', '0', '2014-11-11 03:10:28', NULL, NULL, NULL, '2014-11-11 02:10:28'),
(1069, 22, 3, 'DATE_TIME', 'xxx', 'C 32', '5', '0', '2014-11-11 03:10:28', NULL, NULL, NULL, '2014-11-11 02:10:28'),
(1070, 22, 3, 'TEST_TIME', 'xxx', 'C 32', '5', '0', '2014-11-11 03:10:28', NULL, NULL, NULL, '2014-11-11 02:10:28'),
(1071, 22, 3, 'TEST_TEMP', 'xxx', 'C 32', '6', '0', '2014-11-11 03:10:28', NULL, NULL, NULL, '2014-11-11 02:10:28'),
(1072, 22, 3, 'MH', 'xxx', 'C 32', '300', '0', '2014-11-11 03:10:28', NULL, NULL, NULL, '2014-11-11 02:10:28'),
(1073, 22, 3, 'ML', 'xxx', 'C 32', '5', '0', '2014-11-11 03:10:28', NULL, NULL, NULL, '2014-11-11 02:10:28'),
(1074, 22, 3, 'TC10', 'xxx', 'C 32', '7', '0', '2014-11-11 03:10:28', NULL, NULL, NULL, '2014-11-11 02:10:28'),
(1075, 22, 3, 'TC50', 'xxx', 'C 32', '7', '0', '2014-11-11 03:10:28', NULL, NULL, NULL, '2014-11-11 02:10:28'),
(1076, 22, 3, 'TC90', 'xxx', 'C 32', '5', '0', '2014-11-11 03:10:28', NULL, NULL, NULL, '2014-11-11 02:10:28'),
(1077, 22, 3, 'TC100', 'xxx', 'C 32', '6', '0', '2014-11-11 03:10:28', NULL, NULL, NULL, '2014-11-11 02:10:28'),
(1078, 22, 3, 'TS1', 'xxx', 'C 32', '7', '0', '2014-11-11 03:10:28', NULL, NULL, NULL, '2014-11-11 02:10:28'),
(1079, 22, 3, 'TS2', 'xxx', 'C 32', '5', '0', '2014-11-11 03:10:28', NULL, NULL, NULL, '2014-11-11 02:10:28'),
(1080, 22, 3, 'STATUS', 'xxx', 'C 32', 'NO', '0', '2014-11-11 03:10:28', NULL, NULL, NULL, '2014-11-11 02:10:28'),
(1081, 22, 3, 'DATE_TIME', '5235', 'C 32', 'Mon Nov 10 2014 00:0', '0', '2014-11-11 03:10:28', NULL, NULL, NULL, '2014-11-11 02:10:28'),
(1082, 22, 3, 'TEST_TIME', '5235', 'C 32', '5523', '0', '2014-11-11 03:10:28', NULL, NULL, NULL, '2014-11-11 02:10:28'),
(1083, 22, 3, 'TEST_TEMP', '5235', 'C 32', '34523', '0', '2014-11-11 03:10:28', NULL, NULL, NULL, '2014-11-11 02:10:28'),
(1084, 22, 3, 'MH', '5235', 'C 32', '301', '0', '2014-11-11 03:10:28', NULL, NULL, NULL, '2014-11-11 02:10:28'),
(1085, 22, 3, 'ML', '5235', 'C 32', '80', '0', '2014-11-11 03:10:28', NULL, NULL, NULL, '2014-11-11 02:10:28'),
(1086, 22, 3, 'TC10', '5235', 'C 32', '89', '0', '2014-11-11 03:10:28', NULL, NULL, NULL, '2014-11-11 02:10:28'),
(1087, 22, 3, 'TC50', '5235', 'C 32', '10', '0', '2014-11-11 03:10:28', NULL, NULL, NULL, '2014-11-11 02:10:28'),
(1088, 22, 3, 'TC90', '5235', 'C 32', '9', '0', '2014-11-11 03:10:28', NULL, NULL, NULL, '2014-11-11 02:10:28'),
(1089, 22, 3, 'TC100', '5235', 'C 32', '', '0', '2014-11-11 03:10:28', NULL, NULL, NULL, '2014-11-11 02:10:28'),
(1090, 22, 3, 'TS1', '5235', 'C 32', '', '0', '2014-11-11 03:10:28', NULL, NULL, NULL, '2014-11-11 02:10:28'),
(1091, 22, 3, 'TS2', '5235', 'C 32', '', '0', '2014-11-11 03:10:28', NULL, NULL, NULL, '2014-11-11 02:10:28'),
(1092, 22, 3, 'STATUS', '5235', 'C 32', '', '0', '2014-11-11 03:10:28', NULL, NULL, NULL, '2014-11-11 02:10:28'),
(1156, 35, 43, 'ITEM_TEST', '-', 'C 30', 'ADHESION', '0', '2014-12-03 00:00:00', NULL, NULL, NULL, '2014-12-03 01:02:38'),
(1157, 35, 43, 'DIMENSION', '-', 'C 30', 'N/25mm', '0', '2014-12-03 00:00:00', NULL, NULL, NULL, '2014-12-03 01:02:38'),
(1158, 35, 43, 'TEST_METHOD', '-', 'C 30', 'ASTM', '0', '2014-12-03 00:00:00', NULL, NULL, NULL, '2014-12-03 01:02:38'),
(1159, 35, 43, 'RESULT_1', '-', 'C 30', '278.6', '0', '2014-12-03 00:00:00', NULL, NULL, NULL, '2014-12-03 01:02:38'),
(1160, 35, 43, 'RESULT_2', '-', 'C 30', '', '0', '2014-12-03 00:00:00', NULL, NULL, NULL, '2014-12-03 01:02:38'),
(1161, 35, 43, 'RESULT_3', '-', 'C 30', '', '0', '2014-12-03 00:00:00', NULL, NULL, NULL, '2014-12-03 01:02:38'),
(1162, 35, 43, 'REMAKS', '-', 'C 30', 'RESULT 1 (TOP  VS  T', '0', '2014-12-03 00:00:00', NULL, NULL, NULL, '2014-12-03 01:02:38'),
(1163, 35, 43, 'ITEM_TEST', '-', 'C 30', 'ADHESION', '0', '2014-12-03 00:00:00', NULL, NULL, NULL, '2014-12-03 01:02:38'),
(1164, 35, 43, 'DIMENSION', '-', 'C 30', 'N/25mm', '0', '2014-12-03 00:00:00', NULL, NULL, NULL, '2014-12-03 01:02:38'),
(1165, 35, 43, 'TEST_METHOD', '-', 'C 30', 'ASTM', '0', '2014-12-03 00:00:00', NULL, NULL, NULL, '2014-12-03 01:02:38'),
(1166, 35, 43, 'RESULT_1', '-', 'C 30', '282.2', '0', '2014-12-03 00:00:00', NULL, NULL, NULL, '2014-12-03 01:02:38'),
(1167, 35, 43, 'RESULT_2', '-', 'C 30', '', '0', '2014-12-03 00:00:00', NULL, NULL, NULL, '2014-12-03 01:02:38'),
(1168, 35, 43, 'RESULT_3', '-', 'C 30', '', '0', '2014-12-03 00:00:00', NULL, NULL, NULL, '2014-12-03 01:02:38'),
(1169, 35, 43, 'REMAKS', '-', 'C 30', '', '0', '2014-12-03 00:00:00', NULL, NULL, NULL, '2014-12-03 01:02:38'),
(1170, 35, 43, 'ITEM_TEST', '-', 'C 30', 'ADHESION', '0', '2014-12-03 00:00:00', NULL, NULL, NULL, '2014-12-03 01:02:38'),
(1171, 35, 43, 'DIMENSION', '-', 'C 30', 'N/25mm', '0', '2014-12-03 00:00:00', NULL, NULL, NULL, '2014-12-03 01:02:38'),
(1172, 35, 43, 'TEST_METHOD', '-', 'C 30', 'ASTM', '0', '2014-12-03 00:00:00', NULL, NULL, NULL, '2014-12-03 01:02:38'),
(1173, 35, 43, 'RESULT_1', '-', 'C 30', '278.3', '0', '2014-12-03 00:00:00', NULL, NULL, NULL, '2014-12-03 01:02:38'),
(1174, 35, 43, 'RESULT_2', '-', 'C 30', '', '0', '2014-12-03 00:00:00', NULL, NULL, NULL, '2014-12-03 01:02:38'),
(1175, 35, 43, 'RESULT_3', '-', 'C 30', '', '0', '2014-12-03 00:00:00', NULL, NULL, NULL, '2014-12-03 01:02:38'),
(1176, 35, 43, 'REMAKS', '-', 'C 30', '', '0', '2014-12-03 00:00:00', NULL, NULL, NULL, '2014-12-03 01:02:38'),
(1177, 35, 43, 'ITEM_TEST', '-', 'C 30', 'ADHESION', '0', '2014-12-03 00:00:00', NULL, NULL, NULL, '2014-12-03 01:02:38'),
(1178, 35, 43, 'DIMENSION', '-', 'C 30', 'N/25mm', '0', '2014-12-03 00:00:00', NULL, NULL, NULL, '2014-12-03 01:02:38'),
(1179, 35, 43, 'TEST_METHOD', '-', 'C 30', 'ASTM', '0', '2014-12-03 00:00:00', NULL, NULL, NULL, '2014-12-03 01:02:38'),
(1180, 35, 43, 'RESULT_1', '-', 'C 30', '279.7', '0', '2014-12-03 00:00:00', NULL, NULL, NULL, '2014-12-03 01:02:38'),
(1181, 35, 43, 'RESULT_2', '-', 'C 30', '', '0', '2014-12-03 00:00:00', NULL, NULL, NULL, '2014-12-03 01:02:38'),
(1182, 35, 43, 'RESULT_3', '-', 'C 30', '', '0', '2014-12-03 00:00:00', NULL, NULL, NULL, '2014-12-03 01:02:38'),
(1183, 35, 43, 'REMAKS', '-', 'C 30', '', '0', '2014-12-03 00:00:00', NULL, NULL, NULL, '2014-12-03 01:02:38'),
(1184, 35, 43, 'ITEM_TEST', '-', 'C 30', 'ADHESION', '0', '2014-12-03 00:00:00', NULL, NULL, NULL, '2014-12-03 01:02:38'),
(1185, 35, 43, 'DIMENSION', '-', 'C 30', 'N/25mm', '0', '2014-12-03 00:00:00', NULL, NULL, NULL, '2014-12-03 01:02:38'),
(1186, 35, 43, 'TEST_METHOD', '-', 'C 30', 'ASTM', '0', '2014-12-03 00:00:00', NULL, NULL, NULL, '2014-12-03 01:02:38'),
(1187, 35, 43, 'RESULT_1', '-', 'C 30', '279.1', '0', '2014-12-03 00:00:00', NULL, NULL, NULL, '2014-12-03 01:02:38'),
(1188, 35, 43, 'RESULT_2', '-', 'C 30', '', '0', '2014-12-03 00:00:00', NULL, NULL, NULL, '2014-12-03 01:02:38'),
(1189, 35, 43, 'RESULT_3', '-', 'C 30', '', '0', '2014-12-03 00:00:00', NULL, NULL, NULL, '2014-12-03 01:02:38'),
(1190, 35, 43, 'REMAKS', '-', 'C 30', '', '0', '2014-12-03 00:00:00', NULL, NULL, NULL, '2014-12-03 01:02:38'),
(1191, 38, 2, 'TEST_TIME', 'PB', 'B 10', '78', '1', '2014-12-16 05:04:28', NULL, NULL, NULL, '2014-12-16 04:04:28'),
(1192, 38, 2, 'TEST_TEMP', 'PB', 'B 10', '', '1', '2014-12-16 05:04:28', NULL, NULL, NULL, '2014-12-16 04:04:28'),
(1193, 38, 2, 'MH', 'PB', 'B 10', '', '1', '2014-12-16 05:04:28', NULL, NULL, NULL, '2014-12-16 04:04:28'),
(1194, 38, 2, 'ML', 'PB', 'B 10', '', '1', '2014-12-16 05:04:28', NULL, NULL, NULL, '2014-12-16 04:04:28'),
(1195, 38, 2, 'TC10', 'PB', 'B 10', '', '1', '2014-12-16 05:04:28', NULL, NULL, NULL, '2014-12-16 04:04:28'),
(1196, 38, 2, 'TC50', 'PB', 'B 10', '', '1', '2014-12-16 05:04:28', NULL, NULL, NULL, '2014-12-16 04:04:28'),
(1197, 38, 2, 'TC90', 'PB', 'B 10', '', '1', '2014-12-16 05:04:28', NULL, NULL, NULL, '2014-12-16 04:04:28'),
(1198, 38, 2, 'TC100', 'PB', 'B 10', '', '1', '2014-12-16 05:04:28', NULL, NULL, NULL, '2014-12-16 04:04:28'),
(1199, 38, 2, 'TS1', 'PB', 'B 10', '', '1', '2014-12-16 05:04:28', NULL, NULL, NULL, '2014-12-16 04:04:28'),
(1200, 38, 2, 'TS2', 'PB', 'B 10', '', '1', '2014-12-16 05:04:28', NULL, NULL, NULL, '2014-12-16 04:04:28'),
(1201, 38, 2, 'STATUS', 'PB', 'B 10', '', '1', '2014-12-16 05:04:28', NULL, NULL, NULL, '2014-12-16 04:04:28');

-- --------------------------------------------------------

--
-- Table structure for table `user`
--

CREATE TABLE `user` (
  `id_seq` int(11) NOT NULL AUTO_INCREMENT,
  `user_id` varchar(50) NOT NULL,
  `password` varchar(350) DEFAULT NULL,
  `group_user` enum('DOMESTIK','EXPORT','OEM','ALL') NOT NULL,
  `level` enum('USER','SALES MANAGER','DIVISION HEAD','BOD','ADMIN','QA') DEFAULT NULL,
  `user_head` text NOT NULL,
  `amount_approve` varchar(15) NOT NULL,
  `create_date` datetime DEFAULT NULL,
  `login_date` datetime DEFAULT NULL,
  `count_login` int(11) DEFAULT NULL,
  `nama_user` varchar(50) NOT NULL,
  `hp` varchar(16) DEFAULT NULL,
  `email` varchar(250) DEFAULT NULL,
  `active` tinyint(4) NOT NULL DEFAULT '0',
  `del` tinyint(4) NOT NULL DEFAULT '0',
  PRIMARY KEY (`id_seq`),
  UNIQUE KEY `user_id` (`user_id`)
) ENGINE=MyISAM  DEFAULT CHARSET=latin1 AUTO_INCREMENT=9 ;

--
-- Dumping data for table `user`
--

INSERT INTO `user` (`id_seq`, `user_id`, `password`, `group_user`, `level`, `user_head`, `amount_approve`, `create_date`, `login_date`, `count_login`, `nama_user`, `hp`, `email`, `active`, `del`) VALUES
(1, 'parulian', '827ccb0eea8a706c4c34a16891f84e7b', '', 'SALES MANAGER', 'E11', '5-10%', '0000-00-00 00:00:00', '2014-08-05 10:31:22', NULL, '70100749', NULL, NULL, 1, 0),
(2, 'reza', '81dc9bdb52d04dc20036dbd8313ed055', 'DOMESTIK', 'BOD', '["0","C33","C11","C10","E20","B11"]', '>15%', '0000-00-00 00:00:00', '2014-07-03 09:08:34', NULL, 'reza', NULL, NULL, 1, 0),
(3, 'admin', '21232f297a57a5a743894a0e4a801fc3', 'ALL', 'ADMIN', '0', '<5%', '0000-00-00 00:00:00', '2015-01-15 13:30:23', NULL, '101010', NULL, NULL, 1, 0),
(4, 'toyo', '827ccb0eea8a706c4c34a16891f84e7b', 'DOMESTIK', 'USER', 'E11', '<5%', '0000-00-00 00:00:00', '2014-08-06 14:27:37', NULL, '1932934942', NULL, NULL, 1, 0),
(5, 'dep', '81dc9bdb52d04dc20036dbd8313ed055', 'DOMESTIK', 'DIVISION HEAD', '["0","A75","B","C11"]', '11-15%', '0000-00-00 00:00:00', '2014-07-14 10:48:15', NULL, '170582-250907', NULL, NULL, 1, 0),
(6, 'sales1', 'e10adc3949ba59abbe56e057f20f883e', 'DOMESTIK', 'USER', '', '<5%', '0000-00-00 00:00:00', '2014-07-21 10:31:33', NULL, '121104148', NULL, NULL, 1, 0),
(7, 'andri', '827ccb0eea8a706c4c34a16891f84e7b', 'EXPORT', 'USER', '', '<5%', '0000-00-00 00:00:00', '2014-08-04 13:52:20', NULL, 'Andrian', NULL, NULL, 1, 0),
(8, '', 'd41d8cd98f00b204e9800998ecf8427e', 'DOMESTIK', NULL, '', '', NULL, NULL, NULL, '', NULL, NULL, 0, 0);

-- --------------------------------------------------------

--
-- Table structure for table `user_role_access`
--

CREATE TABLE `user_role_access` (
  `level` varchar(50) NOT NULL,
  `fitur_code` varchar(50) NOT NULL,
  `group` varchar(50) NOT NULL,
  `cr` enum('true','false') NOT NULL DEFAULT 'false',
  `rd` enum('true','false') NOT NULL DEFAULT 'false',
  `upd` enum('true','false') NOT NULL DEFAULT 'false',
  `del` enum('true','false') NOT NULL DEFAULT 'false',
  `posting` enum('true','false') NOT NULL DEFAULT 'false',
  `approve` enum('true','false') NOT NULL DEFAULT 'false',
  `close` enum('true','false') NOT NULL DEFAULT 'false',
  `print` enum('true','false') NOT NULL DEFAULT 'false',
  `name_menu` varchar(50) NOT NULL,
  `orderId` int(11) NOT NULL,
  PRIMARY KEY (`level`,`fitur_code`)
) ENGINE=InnoDB DEFAULT CHARSET=latin1;

--
-- Dumping data for table `user_role_access`
--

INSERT INTO `user_role_access` (`level`, `fitur_code`, `group`, `cr`, `rd`, `upd`, `del`, `posting`, `approve`, `close`, `print`, `name_menu`, `orderId`) VALUES
('ADMIN', 'Employee', 'Master', 'false', 'false', 'false', 'false', 'false', 'false', 'false', 'false', 'karyawan', 0),
('ADMIN', 'Formulir Test Request', 'Formulir Test', 'true', 'true', 'true', 'true', 'true', 'true', 'true', 'true', 'form_request_test', 0),
('ADMIN', 'Input Report Test', 'Formulir Test', 'true', 'true', 'true', 'true', 'true', 'true', 'true', 'true', 'input_report_test', 0),
('ADMIN', 'Machine Detail', 'Master', 'true', 'false', 'true', 'true', 'false', 'false', 'false', 'false', 'm_machine_detail', 2),
('ADMIN', 'Machine Field', 'Master', 'true', 'false', 'true', 'true', 'false', 'false', 'false', 'false', 'm_machine_field', 1),
('ADMIN', 'Sample', 'Master', 'true', 'true', 'true', 'true', 'false', 'false', 'false', 'false', 'm_sample', 1),
('ADMIN', 'Setting Graph', 'Formulir Test', 'true', 'false', 'false', 'false', 'false', 'false', 'false', 'false', 'report_graph', 0),
('ADMIN', 'Toleransi', 'Master', 'true', 'true', 'true', 'false', 'false', 'false', 'false', 'false', 'm_toleransi', 0),
('SALES MANAGER', 'Purchase Order', 'Proses Order', 'false', 'true', 'false', 'false', 'true', 'true', 'true', 'false', 'new_po', 0),
('SALES MANAGER', 'View Output Order', 'Proses Order', 'false', 'false', 'false', 'false', 'false', 'false', 'false', 'true', 'output_order', 1),
('USER', 'Purchase Order', 'Proses Order', 'true', 'true', 'true', 'true', 'true', 'false', 'false', 'false', 'new_po', 0),
('USER', 'View Output Order', 'Proses Order', 'false', 'false', 'false', 'false', 'false', 'false', 'false', 'false', 'output_order', 1),
('USER', 'View Sales Order', 'Proses Order', 'false', 'false', 'false', 'false', 'false', 'false', 'false', 'false', 'sales_order', 2);

/*!40101 SET CHARACTER_SET_CLIENT=@OLD_CHARACTER_SET_CLIENT */;
/*!40101 SET CHARACTER_SET_RESULTS=@OLD_CHARACTER_SET_RESULTS */;
/*!40101 SET COLLATION_CONNECTION=@OLD_COLLATION_CONNECTION */;
